first_name,last_name,email
Leonelle,Somerville,lsomerville0@ehow.com
Craggy,Cabel,ccabel1@economist.com
Estele,Galliard,egalliard2@t.co
Gene,Birkwood,gbirkwood3@youtu.be
Emlynn,Newing,enewing4@qq.com
Melesa,Nilges,mnilges5@t-online.de
Emmalynne,Calow,ecalow6@cdbaby.com
Timmi,Vlasyuk,tvlasyuk7@businessinsider.com
Jordanna,Dingate,jdingate8@clickbank.net
Sydelle,Langan,slangan9@alibaba.com
Chilton,Koubu,ckoubua@nps.gov
Leisha,Sheaber,lsheaberb@netlog.com
Wilfred,Quinney,wquinneyc@amazon.com
Jeniffer,McCrackan,jmccrackand@hhs.gov
Sterne,Jewks,sjewkse@nasa.gov
Jodi,Yetts,jyettsf@blogs.com
Avrit,Lovegrove,alovegroveg@biblegateway.com
Vivien,McGing,vmcgingh@bizjournals.com
Berkley,Corey,bcoreyi@parallels.com
Lonna,Neilly,lneillyj@nytimes.com
Carry,Abrashkin,cabrashkink@blogspot.com
Agnes,Pickett,apickettl@yahoo.co.jp
Sianna,Broadfield,sbroadfieldm@chicagotribune.com
Minnaminnie,Bretherton,mbrethertonn@dagondesign.com
Tom,Lecount,tlecounto@seattletimes.com
Isabelita,Halling,ihallingp@ox.ac.uk
Lindie,Sherewood,lsherewoodq@etsy.com
Yard,Ginger,ygingerr@yolasite.com
York,Flintiff,yflintiffs@dagondesign.com
Wells,Hardingham,whardinghamt@theguardian.com
Alys,Ovendale,aovendaleu@mediafire.com
Max,Kemer,mkemerv@plala.or.jp
Sandro,Quince,squincew@time.com
Caroline,Honatsch,chonatschx@icq.com
Stanton,Blackley,sblackleyy@123-reg.co.uk
Harrie,Chomiszewski,hchomiszewskiz@skype.com
Bibi,Fisby,bfisby10@businesswire.com
Avril,Patifield,apatifield11@nifty.com
Joshuah,Toy,jtoy12@cnn.com
Imogen,Guest,iguest13@wisc.edu
Tamma,Ferroni,tferroni14@moonfruit.com
Nye,Linbohm,nlinbohm15@nba.com
Georgy,Piell,gpiell16@ucsd.edu
Layney,Gammett,lgammett17@rambler.ru
Margeaux,Edgworth,medgworth18@delicious.com
Stephine,Vittery,svittery19@livejournal.com
Bianka,Betterton,bbetterton1a@blogs.com
Giorgi,Jonah,gjonah1b@google.pl
Dede,Beefon,dbeefon1c@imdb.com
Clovis,Garmon,cgarmon1d@npr.org
Ned,Dumbrill,ndumbrill1e@naver.com
Batsheva,Urpeth,burpeth1f@over-blog.com
Oby,Blasiak,oblasiak1g@opera.com
Niels,Bernet,nbernet1h@sciencedaily.com
Wat,Daniau,wdaniau1i@marriott.com
Lynnell,Alderwick,lalderwick1j@ebay.com
Sondra,Franchyonok,sfranchyonok1k@slideshare.net
Jude,Boatwright,jboatwright1l@t.co
Filberte,Trenfield,ftrenfield1m@time.com
Cindi,Vassbender,cvassbender1n@sphinn.com
Palm,Barrus,pbarrus1o@ask.com
Boycey,Comelli,bcomelli1p@oracle.com
Sunshine,Lindores,slindores1q@trellian.com
Wileen,Dawson,wdawson1r@clickbank.net
Salmon,Girardeau,sgirardeau1s@hostgator.com
Tara,Dyer,tdyer1t@ifeng.com
Casper,Salkeld,csalkeld1u@si.edu
Sharyl,Mathewson,smathewson1v@yahoo.co.jp
Hermione,Quoit,hquoit1w@adobe.com
Ki,Gonet,kgonet1x@whitehouse.gov
Sascha,Esley,sesley1y@sourceforge.net
Andrea,Campanelle,acampanelle1z@loc.gov
Mallory,Gerrit,mgerrit20@weather.com
Angelika,Slayny,aslayny21@icio.us
Almire,Wooffinden,awooffinden22@cloudflare.com
Briana,Vedikhov,bvedikhov23@gravatar.com
Amalle,Dunham,adunham24@scientificamerican.com
Joanne,Edmunds,jedmunds25@accuweather.com
Sydelle,Wallentin,swallentin26@linkedin.com
Hillier,Almack,halmack27@wunderground.com
Cole,Amiss,camiss28@furl.net
Standford,Tolossi,stolossi29@tinyurl.com
Sonny,Cuddihy,scuddihy2a@gov.uk
Lisette,Jehaes,ljehaes2b@google.es
Melanie,Guare,mguare2c@wikimedia.org
Becka,Izat,bizat2d@cornell.edu
Ofella,Vaudrey,ovaudrey2e@gravatar.com
Maressa,Castelain,mcastelain2f@youtu.be
Anabella,Clandillon,aclandillon2g@prnewswire.com
Mirilla,Ivanichev,mivanichev2h@paypal.com
Celestyn,Jovis,cjovis2i@sitemeter.com
Petronilla,Lockwood,plockwood2j@dailymail.co.uk
Chloe,Swetenham,cswetenham2k@ca.gov
Reina,Halwood,rhalwood2l@purevolume.com
Rolf,Simnett,rsimnett2m@miibeian.gov.cn
Moshe,Hartwright,mhartwright2n@wix.com
Farlay,McNiven,fmcniven2o@blogs.com
Bondon,Trewman,btrewman2p@statcounter.com
Dougy,Idiens,didiens2q@example.com
Esteban,De Beneditti,edebeneditti2r@howstuffworks.com
Forester,Hamerton,fhamerton2s@hubpages.com
Doe,Baldinotti,dbaldinotti2t@cargocollective.com
Kathie,Abbati,kabbati2u@bloglovin.com
Koressa,Chalcot,kchalcot2v@bluehost.com
Kristofer,Jedrzej,kjedrzej2w@ifeng.com
Tedd,Robecon,trobecon2x@arstechnica.com
Porter,Feehery,pfeehery2y@shinystat.com
Leese,Kidson,lkidson2z@a8.net
Ag,Redley,aredley30@chronoengine.com
Angie,Buddles,abuddles31@netvibes.com
Reider,Cosgrove,rcosgrove32@live.com
Catlin,Kingsley,ckingsley33@fda.gov
Carma,Musgrove,cmusgrove34@imageshack.us
Maryanna,Sturgeon,msturgeon35@sphinn.com
Allyce,Treeby,atreeby36@desdev.cn
Sigrid,Stratley,sstratley37@time.com
Berti,Letterick,bletterick38@dailymotion.com
Felix,Pettus,fpettus39@wordpress.com
Carline,Coppins,ccoppins3a@pagesperso-orange.fr
Adelice,Veeler,aveeler3b@mashable.com
Odelia,Persitt,opersitt3c@about.me
Elva,Eborall,eeborall3d@sogou.com
Vinson,Sasser,vsasser3e@rakuten.co.jp
Leda,Saffin,lsaffin3f@kickstarter.com
Lanni,Gibson,lgibson3g@csmonitor.com
Isadore,Davioud,idavioud3h@yale.edu
Stephie,Cherry,scherry3i@craigslist.org
Alisun,Lintott,alintott3j@va.gov
Salvador,Norville,snorville3k@tumblr.com
Gun,Bigmore,gbigmore3l@cisco.com
Lonnie,Nacci,lnacci3m@merriam-webster.com
Rikki,Elen,relen3n@moonfruit.com
Janice,Walter,jwalter3o@utexas.edu
Ariel,Lathbury,alathbury3p@fotki.com
Willyt,Bourchier,wbourchier3q@utexas.edu
Dorolice,Grimstead,dgrimstead3r@amazon.co.uk
Roanne,Haswall,rhaswall3s@mayoclinic.com
Raquel,Prophet,rprophet3t@skyrock.com
Hieronymus,Philp,hphilp3u@phoca.cz
Karie,Headey,kheadey3v@about.me
Sherill,Bosomworth,sbosomworth3w@hibu.com
Brynn,Biaggioni,bbiaggioni3x@hatena.ne.jp
Grace,Bruggeman,gbruggeman3y@wordpress.com
Ginevra,Tompkinson,gtompkinson3z@google.de
Hedvige,Paxton,hpaxton40@fda.gov
Katrine,Moukes,kmoukes41@ehow.com
Pen,Harower,pharower42@qq.com
Andriette,Schach,aschach43@prweb.com
Zaria,Peever,zpeever44@uiuc.edu
Kenny,Gandrich,kgandrich45@example.com
Karry,Parrin,kparrin46@hibu.com
Rudd,Curtoys,rcurtoys47@typepad.com
Griffie,Algy,galgy48@exblog.jp
Chase,Buckby,cbuckby49@xing.com
Kissee,Schoolfield,kschoolfield4a@unc.edu
Edita,Lepard,elepard4b@hc360.com
Bert,Wanden,bwanden4c@nyu.edu
Tonia,Dingwall,tdingwall4d@accuweather.com
Jonas,Blackster,jblackster4e@harvard.edu
Tallie,Forsdicke,tforsdicke4f@ustream.tv
Jaquelyn,Fittes,jfittes4g@narod.ru
Charlot,Hinks,chinks4h@cloudflare.com
Neal,Girault,ngirault4i@washingtonpost.com
Andrew,Blinco,ablinco4j@php.net
Darya,Dallman,ddallman4k@bloglovin.com
Doralin,Rubes,drubes4l@moonfruit.com
Roberta,Manshaw,rmanshaw4m@ucoz.ru
Sayres,Dablin,sdablin4n@illinois.edu
Patsy,Tolle,ptolle4o@ca.gov
Andi,Alenin,aalenin4p@umich.edu
Dion,Baggs,dbaggs4q@addtoany.com
Nanny,Trickett,ntrickett4r@mozilla.com
Gabriele,Ramm,gramm4s@ftc.gov
Sibyl,McNeely,smcneely4t@google.com
Radcliffe,Smullin,rsmullin4u@tripadvisor.com
Olva,Pickavant,opickavant4v@sbwire.com
Angelita,Greenhough,agreenhough4w@walmart.com
Alice,Peter,apeter4x@salon.com
Carver,Frichley,cfrichley4y@guardian.co.uk
Alexis,Saward,asaward4z@omniture.com
Ludovico,Sephton,lsephton50@omniture.com
Wyatan,Sustins,wsustins51@blogs.com
Cristy,Stroband,cstroband52@hugedomains.com
Ron,Fice,rfice53@newyorker.com
Madelaine,Gwillyam,mgwillyam54@whitehouse.gov
Wendi,Muncer,wmuncer55@reverbnation.com
Grover,Bulpitt,gbulpitt56@constantcontact.com
Therine,Mattersley,tmattersley57@vinaora.com
Lodovico,Willey,lwilley58@pen.io
Averil,Vesco,avesco59@symantec.com
Giff,Stilgoe,gstilgoe5a@smh.com.au
Gaylor,Barrasse,gbarrasse5b@prweb.com
Hazlett,Gavahan,hgavahan5c@ibm.com
Herman,Dosdell,hdosdell5d@naver.com
Osbert,Edridge,oedridge5e@pbs.org
Jacenta,Cooling,jcooling5f@cocolog-nifty.com
Sadella,Scopyn,sscopyn5g@ask.com
Uriel,Dumphries,udumphries5h@csmonitor.com
Theresita,Durber,tdurber5i@comcast.net
Belicia,Philimore,bphilimore5j@zimbio.com
Padraic,Handrock,phandrock5k@intel.com
Micheil,Hassur,mhassur5l@spiegel.de
Fitz,Wheatland,fwheatland5m@house.gov
Gladi,Gaskamp,ggaskamp5n@addtoany.com
Averil,Whaymand,awhaymand5o@taobao.com
Shirley,De Banke,sdebanke5p@ihg.com
Darla,Kliche,dkliche5q@taobao.com
Doll,Crisall,dcrisall5r@hatena.ne.jp
Boniface,Lammiman,blammiman5s@newsvine.com
Sunny,Philipsson,sphilipsson5t@blinklist.com
Patricio,Andrelli,pandrelli5u@ustream.tv
Shana,Cox,scox5v@lulu.com
Erina,Gilbane,egilbane5w@sbwire.com
Saudra,Fritchly,sfritchly5x@dailymail.co.uk
Greta,Bow,gbow5y@sphinn.com
Jakob,Sowte,jsowte5z@epa.gov
Fielding,Crannage,fcrannage60@bing.com
Kenny,Stopps,kstopps61@imgur.com
Angie,Hugland,ahugland62@tinypic.com
Angelique,Nulty,anulty63@usa.gov
Bron,Porritt,bporritt64@de.vu
Yorker,Scutching,yscutching65@bloglines.com
Will,Hince,whince66@dailymotion.com
Janifer,Piesing,jpiesing67@cornell.edu
Rosa,Iacabucci,riacabucci68@about.me
Joyce,Sterrick,jsterrick69@pbs.org
Gwynne,Di Boldi,gdiboldi6a@ucsd.edu
Rosina,Svanini,rsvanini6b@chronoengine.com
Leeland,Crellim,lcrellim6c@cloudflare.com
Johann,Linzee,jlinzee6d@usgs.gov
Lazare,Aysh,laysh6e@i2i.jp
Wilhelmina,Coste,wcoste6f@vinaora.com
Thibaud,Petrushanko,tpetrushanko6g@discuz.net
Basile,Burchess,bburchess6h@amazon.com
Rebecka,Plues,rplues6i@state.tx.us
Abdel,Crombie,acrombie6j@psu.edu
Huntley,Readett,hreadett6k@washingtonpost.com
Dorthea,Makin,dmakin6l@nbcnews.com
Cristiano,Cooper,ccooper6m@stanford.edu
Willard,MacPadene,wmacpadene6n@wiley.com
Jacintha,Gudyer,jgudyer6o@accuweather.com
Illa,Laurenzi,ilaurenzi6p@businesswire.com
Wit,Samwaye,wsamwaye6q@typepad.com
Jacinda,Hansana,jhansana6r@cdc.gov
Jens,Roantree,jroantree6s@hao123.com
Oswell,Brockwell,obrockwell6t@latimes.com
Barr,Usher,busher6u@mediafire.com
Perle,Andrioli,pandrioli6v@uiuc.edu
Benn,Pointer,bpointer6w@1688.com
Theresina,Bunson,tbunson6x@vkontakte.ru
Fred,Kealy,fkealy6y@aol.com
Dacy,Pitkeathly,dpitkeathly6z@twitter.com
Kipp,Grahamslaw,kgrahamslaw70@army.mil
Zsa zsa,Shillito,zshillito71@bravesites.com
Goldia,Pletts,gpletts72@apple.com
Trish,Janowski,tjanowski73@pbs.org
Kingsley,Orrice,korrice74@epa.gov
Joannes,Aucott,jaucott75@newyorker.com
Osmond,Batrop,obatrop76@cdc.gov
Theresa,Nehls,tnehls77@tinyurl.com
Jacqui,Hulks,jhulks78@merriam-webster.com
Nolana,Hacking,nhacking79@slashdot.org
Alley,Riha,ariha7a@abc.net.au
Edmund,Bavidge,ebavidge7b@illinois.edu
Tymothy,Grealy,tgrealy7c@privacy.gov.au
Peirce,Timbrell,ptimbrell7d@patch.com
Flori,Nangle,fnangle7e@businesswire.com
Thomasa,Brody,tbrody7f@businessweek.com
Barty,Mathonnet,bmathonnet7g@cyberchimps.com
Petronia,Curness,pcurness7h@ucsd.edu
Cyndy,Tousey,ctousey7i@ted.com
Joe,Perrinchief,jperrinchief7j@patch.com
Elmira,Hocking,ehocking7k@paginegialle.it
Meryl,Shadrach,mshadrach7l@goo.gl
Cathyleen,de Banke,cdebanke7m@issuu.com
Isiahi,Crowch,icrowch7n@bing.com
Annabel,Sprason,asprason7o@usda.gov
Rosalyn,Leyson,rleyson7p@comcast.net
Ellyn,Cussins,ecussins7q@guardian.co.uk
Sherye,Elsmore,selsmore7r@mtv.com
Cory,Goddman,cgoddman7s@fastcompany.com
Bearnard,Muir,bmuir7t@nydailynews.com
Lesya,Derdes,lderdes7u@illinois.edu
Iain,Bruntjen,ibruntjen7v@yandex.ru
Addie,Stennard,astennard7w@lulu.com
Gabrielle,Rudeforth,grudeforth7x@cbslocal.com
Arlyn,Wilds,awilds7y@weather.com
Velma,Rickaert,vrickaert7z@hatena.ne.jp
Shandee,Dukes,sdukes80@tumblr.com
Reube,Mc Faul,rmcfaul81@unicef.org
Brett,Bilbee,bbilbee82@reuters.com
Gian,Plaxton,gplaxton83@sphinn.com
Padgett,Adran,padran84@geocities.com
Adrien,Caulwell,acaulwell85@ovh.net
Valentina,Abbes,vabbes86@disqus.com
Sigismond,Faltin,sfaltin87@icio.us
Corella,Schmuhl,cschmuhl88@ucoz.ru
Hieronymus,Slixby,hslixby89@pinterest.com
Sherill,Gutridge,sgutridge8a@google.ru
Nicholle,Pottiphar,npottiphar8b@intel.com
Reese,Stabbins,rstabbins8c@jugem.jp
Kizzee,Whitmore,kwhitmore8d@vimeo.com
Fanya,Nesbit,fnesbit8e@whitehouse.gov
Chick,Olland,colland8f@go.com
Kacy,Bonde,kbonde8g@youtu.be
Darius,Paula,dpaula8h@creativecommons.org
Morly,Denisyuk,mdenisyuk8i@mapquest.com
Rodi,Shawcroft,rshawcroft8j@youku.com
Blake,Bauman,bbauman8k@msu.edu
Glenna,Hrinishin,ghrinishin8l@free.fr
Taryn,Gallahue,tgallahue8m@eepurl.com
Fernando,Gwillym,fgwillym8n@hubpages.com
Ethelin,Snowsill,esnowsill8o@time.com
Kelci,Deaconson,kdeaconson8p@opera.com
Bern,Westall,bwestall8q@huffingtonpost.com
Engelbert,Kealy,ekealy8r@hexun.com
Tova,Daborne,tdaborne8s@phpbb.com
Olive,Schwandner,oschwandner8t@wunderground.com
Isiahi,Lunge,ilunge8u@amazon.co.uk
Drake,Matushenko,dmatushenko8v@spotify.com
Deck,Maudsley,dmaudsley8w@reference.com
Maribel,Harrinson,mharrinson8x@miibeian.gov.cn
Doralia,Cooke,dcooke8y@bloglovin.com
Mallory,Barbie,mbarbie8z@cafepress.com
Debera,Kelle,dkelle90@cnn.com
Virgie,Muttock,vmuttock91@cbslocal.com
Penny,Jain,pjain92@prnewswire.com
Hakim,McMurraya,hmcmurraya93@privacy.gov.au
Obie,Puckey,opuckey94@google.it
Ted,Monk,tmonk95@chicagotribune.com
Tuckie,Barbosa,tbarbosa96@slashdot.org
Grazia,Gunnell,ggunnell97@yale.edu
Marice,Scole,mscole98@businessweek.com
Uri,Barrat,ubarrat99@spiegel.de
Trula,Mighele,tmighele9a@macromedia.com
Sylvester,Bohler,sbohler9b@nature.com
Stace,Rookesby,srookesby9c@tripadvisor.com
Tanitansy,Bucktharp,tbucktharp9d@hud.gov
Joshia,Etchingham,jetchingham9e@ning.com
Kippar,Lindop,klindop9f@bizjournals.com
Teador,Hofton,thofton9g@ning.com
Garth,Malia,gmalia9h@scribd.com
Melisse,Roddick,mroddick9i@dion.ne.jp
Averil,Battell,abattell9j@fc2.com
Amalle,Bolton,abolton9k@ocn.ne.jp
Dev,Brecher,dbrecher9l@edublogs.org
Rollie,Amphlett,ramphlett9m@globo.com
Shellie,Fouch,sfouch9n@odnoklassniki.ru
Shaun,Tyndall,styndall9o@elegantthemes.com
Danyelle,Doick,ddoick9p@w3.org
Jae,De Beneditti,jdebeneditti9q@nih.gov
Caddric,Calderonello,ccalderonello9r@ning.com
Leif,Fullard,lfullard9s@biblegateway.com
Stearne,Pallister,spallister9t@cdbaby.com
Perle,Byass,pbyass9u@yale.edu
Leela,Cauldfield,lcauldfield9v@t.co
Lavena,Brookson,lbrookson9w@miibeian.gov.cn
Zea,Valerius,zvalerius9x@bluehost.com
Idalina,Keers,ikeers9y@amazon.com
Hildy,Ygou,hygou9z@360.cn
Alick,Walbridge,awalbridgea0@cdc.gov
Babb,Hamber,bhambera1@webeden.co.uk
Valli,Abrey,vabreya2@yandex.ru
Gertrud,Hulbert,ghulberta3@etsy.com
Robbie,Dictus,rdictusa4@microsoft.com
Tobe,Eicheler,teichelera5@is.gd
Beaufort,Dmych,bdmycha6@upenn.edu
Dag,Vassie,dvassiea7@senate.gov
Vivianne,Mara,vmaraa8@smugmug.com
Betteann,Eyres,beyresa9@google.pl
Bevan,Revel,brevelaa@fema.gov
Tulley,Bartholat,tbartholatab@chicagotribune.com
Lotte,McLaren,lmclarenac@washingtonpost.com
Lee,Bourbon,lbourbonad@4shared.com
Carolan,Niese,cnieseae@cpanel.net
Anabal,McGuckin,amcguckinaf@techcrunch.com
Claresta,Letts,clettsag@bizjournals.com
Charles,Lillicrop,clillicropah@amazon.co.jp
Ursala,O' Faherty,uofahertyai@cocolog-nifty.com
Desiree,Karlmann,dkarlmannaj@phpbb.com
Maximilien,Stark,mstarkak@howstuffworks.com
Eduardo,Denzey,edenzeyal@google.ru
Emlyn,Daud,edaudam@cam.ac.uk
Keane,Zanetti,kzanettian@gmpg.org
Neal,Angerstein,nangersteinao@wordpress.org
Matthiew,Pollok,mpollokap@multiply.com
Breanne,Bedson,bbedsonaq@gmpg.org
Jon,Poolton,jpooltonar@cdc.gov
Krista,Pannett,kpannettas@xinhuanet.com
Hollis,Blowick,hblowickat@yahoo.com
Darill,Benedidick,dbenedidickau@360.cn
Rollo,Lerhinan,rlerhinanav@icq.com
Madelina,Jancy,mjancyaw@so-net.ne.jp
Robbert,Ziems,rziemsax@com.com
Gui,Savins,gsavinsay@slideshare.net
Fairleigh,Boustred,fboustredaz@hubpages.com
Brion,Clausen,bclausenb0@twitpic.com
Gaynor,Torr,gtorrb1@cafepress.com
Aloin,Waggatt,awaggattb2@utexas.edu
Valentine,Mocher,vmocherb3@fda.gov
Eugenie,Brazil,ebrazilb4@opera.com
Tybalt,Blatherwick,tblatherwickb5@noaa.gov
Berri,Leathard,bleathardb6@mapy.cz
Lambert,Spowage,lspowageb7@shutterfly.com
Ken,Aldrin,kaldrinb8@cam.ac.uk
Penelope,Vittore,pvittoreb9@umn.edu
Kellia,McFayden,kmcfaydenba@w3.org
Consuelo,Apedaile,capedailebb@pen.io
Will,Queyeiro,wqueyeirobc@taobao.com
Consalve,Prayer,cprayerbd@soundcloud.com
Idalina,Lukock,ilukockbe@mlb.com
Colas,Cocklin,ccocklinbf@buzzfeed.com
Osmond,Garmston,ogarmstonbg@prnewswire.com
Sebastian,Kembrey,skembreybh@quantcast.com
Marcy,Kighly,mkighlybi@wufoo.com
Inge,Greiser,igreiserbj@yellowpages.com
Carina,Van der Hoeven,cvanderhoevenbk@trellian.com
Artemas,Nordass,anordassbl@tinypic.com
Marcy,Newe,mnewebm@nsw.gov.au
Scot,Brewin,sbrewinbn@addtoany.com
Babbette,Murrigans,bmurrigansbo@loc.gov
Garrard,Pindar,gpindarbp@berkeley.edu
Aggi,Ivoshin,aivoshinbq@prnewswire.com
Sondra,Causier,scausierbr@prweb.com
Sharyl,Lazell,slazellbs@imgur.com
Adore,Hallgarth,ahallgarthbt@answers.com
Bernetta,Fliege,bfliegebu@telegraph.co.uk
Cynthia,Backshaw,cbackshawbv@purevolume.com
Englebert,Burchill,eburchillbw@google.pl
Selle,O'Daly,sodalybx@friendfeed.com
Veradis,Tumelty,vtumeltyby@theatlantic.com
Arnaldo,Ovid,aovidbz@shop-pro.jp
Trula,Hassekl,thasseklc0@hhs.gov
Inga,Bricklebank,ibricklebankc1@twitpic.com
Gonzales,Lissandri,glissandric2@scribd.com
Brandais,McAlinden,bmcalindenc3@elegantthemes.com
Maxi,Grimsdith,mgrimsdithc4@mlb.com
Lorrayne,Pacquet,lpacquetc5@ocn.ne.jp
Nickey,Pfeffle,npfefflec6@europa.eu
Fannie,McDyer,fmcdyerc7@rambler.ru
Vally,Wadhams,vwadhamsc8@odnoklassniki.ru
Levi,Maciejewski,lmaciejewskic9@domainmarket.com
Dorey,Hankin,dhankinca@shutterfly.com
Golda,Sherrum,gsherrumcb@joomla.org
Elliott,Sefton,eseftoncc@fema.gov
Sanderson,Hake,shakecd@tamu.edu
Cullan,Gomby,cgombyce@chronoengine.com
Maxie,Duffie,mduffiecf@diigo.com
Hayward,Winchester,hwinchestercg@guardian.co.uk
Brynne,Aggus,baggusch@naver.com
Amy,Cardno,acardnoci@unc.edu
Torrie,Duffield,tduffieldcj@china.com.cn
Kaja,Margerison,kmargerisonck@jalbum.net
Chiarra,Viles,cvilescl@blogger.com
Edgard,Poad,epoadcm@phpbb.com
Kathryn,Quinnell,kquinnellcn@aboutads.info
Joelie,Elph,jelphco@narod.ru
Gun,Culshaw,gculshawcp@arstechnica.com
Henry,Vaughton,hvaughtoncq@sitemeter.com
Daveta,Lodovichi,dlodovichicr@usa.gov
Sigismond,Rogier,srogiercs@usnews.com
Con,Flippelli,cflippellict@narod.ru
Roxie,Lineham,rlinehamcu@qq.com
Helli,Nolan,hnolancv@phoca.cz
Corrine,Rosengart,crosengartcw@xinhuanet.com
Claudina,Crellim,ccrellimcx@cnet.com
Byrom,Balden,bbaldency@google.de
Raoul,Keilloh,rkeillohcz@storify.com
Gerhardine,Feares,gfearesd0@addtoany.com
Pieter,Duthie,pduthied1@forbes.com
Sasha,Mullis,smullisd2@edublogs.org
Lynnell,Vanyukhin,lvanyukhind3@about.com
Georgina,Knyvett,gknyvettd4@yellowpages.com
Simone,Gamett,sgamettd5@hc360.com
Maighdiln,Jeal,mjeald6@xinhuanet.com
Manfred,Allardyce,mallardyced7@nhs.uk
Vidovic,Devenish,vdevenishd8@howstuffworks.com
Bibi,Purcell,bpurcelld9@bizjournals.com
Perceval,Wadlow,pwadlowda@printfriendly.com
Ninon,Dollimore,ndollimoredb@hao123.com
Boycie,McGeneay,bmcgeneaydc@wikispaces.com
Hillel,Aysik,haysikdd@over-blog.com
Lynelle,Roseburgh,lroseburghde@bluehost.com
Brenna,Senechell,bsenechelldf@t.co
Gill,Gorst,ggorstdg@sakura.ne.jp
Nathanael,Heaslip,nheaslipdh@nature.com
Bondie,Cradduck,bcradduckdi@facebook.com
Gnni,Riddeough,griddeoughdj@topsy.com
Philomena,Quinsee,pquinseedk@blogtalkradio.com
Dayna,Cowle,dcowledl@tamu.edu
Austen,Wick,awickdm@cyberchimps.com
Romonda,Drinkale,rdrinkaledn@salon.com
Marielle,Stoad,mstoaddo@live.com
Michael,Brunton,mbruntondp@cnbc.com
Arluene,Paddle,apaddledq@reddit.com
Dynah,Eadie,deadiedr@acquirethisname.com
Noland,Tointon,ntointonds@yellowbook.com
Edgar,Veldman,eveldmandt@issuu.com
Bo,Simoneschi,bsimoneschidu@cornell.edu
Arlyne,Dearnaley,adearnaleydv@globo.com
Evelyn,Cowely,ecowelydw@bbb.org
Annadiane,Titcombe,atitcombedx@independent.co.uk
Vivianna,McGeever,vmcgeeverdy@paypal.com
Richardo,Esp,respdz@tmall.com
Berkly,Lambeth,blambethe0@salon.com
Christian,Veldens,cveldense1@plala.or.jp
Chilton,Macklam,cmacklame2@shareasale.com
Myrle,Millthorpe,mmillthorpee3@yolasite.com
Zena,Haslum,zhaslume4@vinaora.com
Marlene,Pahlsson,mpahlssone5@earthlink.net
Kameko,Della Scala,kdellascalae6@disqus.com
Leda,Drummond,ldrummonde7@japanpost.jp
Wolfy,Onions,wonionse8@baidu.com
Siobhan,Pollicott,spollicotte9@plala.or.jp
Charlotte,MacGuiness,cmacguinessea@wufoo.com
Minnaminnie,Curnnok,mcurnnokeb@jalbum.net
Burgess,Ashley,bashleyec@washington.edu
Zed,Waterstone,zwaterstoneed@gov.uk
Rita,Darch,rdarchee@51.la
Conway,Hallum,challumef@twitter.com
Josepha,Furzer,jfurzereg@icq.com
Nikos,Sculley,nsculleyeh@bloglines.com
Veronica,Wing,vwingei@studiopress.com
Patrizia,Feather,pfeatherej@youku.com
Alma,Blague,ablagueek@purevolume.com
Oren,Torricella,otorricellael@howstuffworks.com
Harald,Pien,hpienem@sakura.ne.jp
Ethelin,Staterfield,estaterfielden@networksolutions.com
Gar,Hardwicke,ghardwickeeo@live.com
Elonore,Belsham,ebelshamep@google.co.jp
Alonzo,Conibear,aconibeareq@wufoo.com
Yolanthe,Sharratt,ysharratter@virginia.edu
Byrom,Fasse,bfassees@princeton.edu
Guglielmo,Hollibone,gholliboneet@booking.com
Hermy,D'eye,hdeyeeu@trellian.com
Joanne,Cornau,jcornauev@yolasite.com
Estell,Trevain,etrevainew@time.com
Linda,Skakunas,lskakunasex@blinklist.com
Dari,Llewellyn,dllewellyney@cargocollective.com
Michal,Ianne,mianneez@linkedin.com
Hughie,Eschalotte,heschalottef0@whitehouse.gov
Estella,Dyos,edyosf1@google.co.uk
Arvie,Burnside,aburnsidef2@admin.ch
Dusty,Fick,dfickf3@example.com
Max,Dorkins,mdorkinsf4@cnn.com
Samuele,Methingam,smethingamf5@opera.com
Coralie,Twelftree,ctwelftreef6@skype.com
Dallas,Vosper,dvosperf7@hc360.com
Hogan,Kenrick,hkenrickf8@360.cn
Patsy,Baignard,pbaignardf9@gravatar.com
Lynelle,Reynalds,lreynaldsfa@amazon.de
Erik,Pymm,epymmfb@samsung.com
Ronnie,Chasier,rchasierfc@yahoo.com
Hillery,Leander,hleanderfd@reuters.com
Meara,Haglinton,mhaglintonfe@rakuten.co.jp
Joyous,Beartup,jbeartupff@comsenz.com
Ediva,Sambedge,esambedgefg@nature.com
Megen,Barck,mbarckfh@skyrock.com
Emery,Berresford,eberresfordfi@google.it
Liesa,Giddins,lgiddinsfj@jalbum.net
Zandra,McMackin,zmcmackinfk@newsvine.com
Teddie,Tarbath,ttarbathfl@drupal.org
Bethanne,Tillot,btillotfm@alibaba.com
Whitney,Norkutt,wnorkuttfn@pbs.org
Del,Copley,dcopleyfo@reverbnation.com
Jedediah,Toynbee,jtoynbeefp@i2i.jp
Kym,Ohms,kohmsfq@hexun.com
Joscelin,Mewett,jmewettfr@dmoz.org
Roby,Trimble,rtrimblefs@desdev.cn
Wallis,Redding,wreddingft@cloudflare.com
Marina,Wilstead,mwilsteadfu@goodreads.com
Malissa,Geydon,mgeydonfv@multiply.com
Alidia,Toye,atoyefw@ft.com
Pauly,Ertel,pertelfx@imgur.com
Windy,Cearley,wcearleyfy@google.com.br
Alexandros,Ivannikov,aivannikovfz@lulu.com
Pauly,Puddle,ppuddleg0@tinyurl.com
Cristina,Martelet,cmarteletg1@yolasite.com
Cyndia,MacDwyer,cmacdwyerg2@time.com
Bord,Paunton,bpauntong3@vk.com
Coraline,Vlasyev,cvlasyevg4@youku.com
Jasun,Venmore,jvenmoreg5@pbs.org
Padraig,Chagg,pchaggg6@marketwatch.com
Jenni,Bencher,jbencherg7@omniture.com
Donia,Trim,dtrimg8@twitter.com
Geneva,Parnaby,gparnabyg9@ucla.edu
Eddy,Crottagh,ecrottaghga@businesswire.com
Cirilo,Winspeare,cwinspearegb@boston.com
Sonnnie,Arter,sartergc@archive.org
Lorri,Rushbrook,lrushbrookgd@ucoz.com
Nilson,Moore,nmoorege@mail.ru
Nickolas,Batts,nbattsgf@usda.gov
Gordan,Gregorowicz,ggregorowiczgg@auda.org.au
Win,Hawtin,whawtingh@cargocollective.com
Shantee,Raycroft,sraycroftgi@cisco.com
Quintina,Grimbaldeston,qgrimbaldestongj@marriott.com
Nikki,Southernwood,nsouthernwoodgk@wunderground.com
Ludwig,Fewlass,lfewlassgl@senate.gov
Walt,Adame,wadamegm@digg.com
Minerva,Shelliday,mshellidaygn@unesco.org
Dudley,Greenhow,dgreenhowgo@miibeian.gov.cn
Bjorn,Demsey,bdemseygp@squidoo.com
Aron,Janisson,ajanissongq@google.de
Gerrie,Vasnev,gvasnevgr@ehow.com
Cacilia,Peto,cpetogs@google.com.au
Dyanna,Purdie,dpurdiegt@ifeng.com
Sterling,Capaldi,scapaldigu@addthis.com
Roth,Roizn,rroizngv@ucsd.edu
Bidget,Zanassi,bzanassigw@walmart.com
Alan,Thaxton,athaxtongx@dagondesign.com
Kleon,Bawme,kbawmegy@altervista.org
Holmes,Mattaus,hmattausgz@list-manage.com
Raoul,Treneer,rtreneerh0@dyndns.org
Elora,Botfield,ebotfieldh1@ox.ac.uk
Silvano,Lathbury,slathburyh2@sbwire.com
Barnabas,Gibling,bgiblingh3@businessinsider.com
Roana,Groveham,rgrovehamh4@cmu.edu
Jacky,Broadwood,jbroadwoodh5@diigo.com
Tallia,Beckerleg,tbeckerlegh6@china.com.cn
Almeda,Jedrzej,ajedrzejh7@4shared.com
Cherida,Emps,cempsh8@amazonaws.com
Brunhilde,Severns,bsevernsh9@gov.uk
Pet,Mulrooney,pmulrooneyha@surveymonkey.com
Gibby,Haycroft,ghaycrofthb@biglobe.ne.jp
Bria,Lethbridge,blethbridgehc@mac.com
Jobey,Canter,jcanterhd@1688.com
Judy,Kail,jkailhe@census.gov
Elora,Stannett,estannetthf@bbc.co.uk
Noach,Bestman,nbestmanhg@bigcartel.com
Horacio,Baldin,hbaldinhh@dmoz.org
Melisenda,Messum,mmessumhi@example.com
Berthe,Pulfer,bpulferhj@angelfire.com
Kent,Wilshin,kwilshinhk@digg.com
Hendrick,Chasemoore,hchasemoorehl@youtu.be
Leonid,Baylis,lbaylishm@zimbio.com
Abraham,Pettingall,apettingallhn@telegraph.co.uk
Julio,Negri,jnegriho@angelfire.com
Danica,Colombier,dcolombierhp@chronoengine.com
Georgie,Bradnock,gbradnockhq@zimbio.com
Kaitlynn,Doerrling,kdoerrlinghr@lycos.com
Austin,Patley,apatleyhs@surveymonkey.com
Eugine,Rozanski,erozanskiht@list-manage.com
Katine,Pexton,kpextonhu@auda.org.au
Tam,Aldwich,taldwichhv@netlog.com
Lois,MacRannell,lmacrannellhw@histats.com
Innis,Habbijam,ihabbijamhx@newyorker.com
Lenka,Swainger,lswaingerhy@comcast.net
Alyce,Keeley,akeeleyhz@ucsd.edu
Tonya,Saul,tsauli0@canalblog.com
Gabrielle,Stillwell,gstillwelli1@google.ru
Xaviera,Hyam,xhyami2@cpanel.net
Anastasia,Benardeau,abenardeaui3@gmpg.org
Neall,Yegorev,nyegorevi4@vinaora.com
Graham,Yashin,gyashini5@wikimedia.org
Aloysius,Dayer,adayeri6@bandcamp.com
Shelby,Cowterd,scowterdi7@yahoo.co.jp
Farrah,Sugden,fsugdeni8@joomla.org
Aleen,Joskowicz,ajoskowiczi9@arizona.edu
Torrie,Abreheart,tabreheartia@accuweather.com
Maury,Cosgreave,mcosgreaveib@cnn.com
Jess,Keirl,jkeirlic@ed.gov
Merrick,Fyrth,mfyrthid@jiathis.com
Arel,Lanston,alanstonie@shop-pro.jp
Lula,Delacote,ldelacoteif@wp.com
Dru,Tramel,dtramelig@wikipedia.org
Kelly,Postle,kpostleih@issuu.com
Etheline,Cleminshaw,ecleminshawii@issuu.com
Lion,McKeaveney,lmckeaveneyij@usa.gov
Zebulon,Lant,zlantik@quantcast.com
Nels,Melanaphy,nmelanaphyil@squarespace.com
Aili,Ciobotaro,aciobotaroim@facebook.com
Ardelle,Higbin,ahigbinin@mail.ru
Christan,Dennert,cdennertio@nps.gov
Aline,Deighan,adeighanip@uiuc.edu
Findlay,Hugenin,fhugeniniq@live.com
Kristofor,Ferrea,kferreair@utexas.edu
Gay,Ozintsev,gozintsevis@cbsnews.com
Frasquito,Brewett,fbrewettit@pinterest.com
Ramon,Kopec,rkopeciu@cam.ac.uk
Dela,Braferton,dbrafertoniv@themeforest.net
Prue,Glasheen,pglasheeniw@miibeian.gov.cn
Giselle,Yurin,gyurinix@123-reg.co.uk
Marybelle,D'Errico,mderricoiy@webnode.com
Amberly,Burnhard,aburnhardiz@cocolog-nifty.com
Jayson,Baudassi,jbaudassij0@tripadvisor.com
Mel,Buffery,mbufferyj1@skype.com
Shaylynn,Measor,smeasorj2@naver.com
Kathie,MacCrann,kmaccrannj3@lycos.com
Adair,Scriven,ascrivenj4@cmu.edu
Chandra,Allanson,callansonj5@a8.net
Patti,Dwane,pdwanej6@altervista.org
Malena,Chesworth,mchesworthj7@ycombinator.com
Danny,Joplin,djoplinj8@mozilla.com
Siobhan,Dowda,sdowdaj9@nba.com
Antonietta,Hemshall,ahemshallja@google.cn
Violante,Hammond,vhammondjb@addtoany.com
Jobyna,Safell,jsafelljc@wired.com
Cristy,Plant,cplantjd@scientificamerican.com
Odie,Janowski,ojanowskije@craigslist.org
Nappy,Tinklin,ntinklinjf@mayoclinic.com
Garrik,Danihel,gdaniheljg@elpais.com
Mort,Chalcraft,mchalcraftjh@newyorker.com
Erasmus,Mellmoth,emellmothji@phoca.cz
Oralla,Cassius,ocassiusjj@kickstarter.com
Carlota,Doble,cdoblejk@topsy.com
Emelen,Barnby,ebarnbyjl@sina.com.cn
Melli,Daveridge,mdaveridgejm@boston.com
Pen,Uzzell,puzzelljn@mashable.com
Chelsie,Imbrey,cimbreyjo@biglobe.ne.jp
Lettie,Goard,lgoardjp@state.tx.us
Reina,Sanham,rsanhamjq@comcast.net
Olga,Buske,obuskejr@shutterfly.com
Hort,Grigs,hgrigsjs@spiegel.de
Deny,Pocknell,dpocknelljt@unicef.org
Theo,Finey,tfineyju@netvibes.com
Tuck,Fabbri,tfabbrijv@cbsnews.com
Zane,Little,zlittlejw@youtu.be
Arron,Ropking,aropkingjx@liveinternet.ru
Franzen,Chetwynd,fchetwyndjy@google.com.br
Olivia,Watkins,owatkinsjz@elpais.com
Stephanie,Corrigan,scorrigank0@merriam-webster.com
Lainey,Antecki,lanteckik1@redcross.org
Susanne,Covely,scovelyk2@t.co
Aldrich,McClosh,amccloshk3@blogtalkradio.com
Cameron,Hrishchenko,chrishchenkok4@ucoz.com
Laurel,Leadston,lleadstonk5@163.com
Ewan,Finlan,efinlank6@yahoo.com
Monika,Eim,meimk7@gmpg.org
Norri,Havers,nhaversk8@liveinternet.ru
Celine,Arnaudi,carnaudik9@ehow.com
Brien,Riddles,briddleska@dion.ne.jp
Georgie,Ciciura,gciciurakb@foxnews.com
Alvira,Rosina,arosinakc@xing.com
Roxine,Bampkin,rbampkinkd@fc2.com
Fiorenze,Renshaw,frenshawke@baidu.com
Cele,Monger,cmongerkf@uol.com.br
Caryn,Gentner,cgentnerkg@comcast.net
Matty,Dhennin,mdhenninkh@about.com
Chilton,Bestwick,cbestwickki@addtoany.com
Adolphus,O'Cosgra,aocosgrakj@google.co.jp
Teddy,Philliskirk,tphilliskirkkk@liveinternet.ru
Hobie,Blaisdale,hblaisdalekl@uol.com.br
Melisenda,Casari,mcasarikm@umn.edu
Christan,Killelay,ckillelaykn@vkontakte.ru
Romy,Sabate,rsabateko@unc.edu
Kaylee,Di Giacomo,kdigiacomokp@about.com
Brod,McConnal,bmcconnalkq@acquirethisname.com
Winny,Scemp,wscempkr@google.cn
Rodger,Coulston,rcoulstonks@github.com
Adelaide,Creswell,acreswellkt@yolasite.com
Bay,Sprules,bsprulesku@dion.ne.jp
Barbie,Napier,bnapierkv@sohu.com
Tedi,Bes,tbeskw@cyberchimps.com
Verena,Woolager,vwoolagerkx@sogou.com
Thorpe,Denington,tdeningtonky@youtube.com
Leonelle,Barlee,lbarleekz@nymag.com
Korrie,Curtois,kcurtoisl0@hhs.gov
Reese,Janousek,rjanousekl1@angelfire.com
Ham,Varran,hvarranl2@nbcnews.com
Wilbur,Yukhnov,wyukhnovl3@cargocollective.com
Tabor,Lemerie,tlemeriel4@creativecommons.org
Kyla,Ebbetts,kebbettsl5@bluehost.com
Jannelle,Meachan,jmeachanl6@businesswire.com
Winn,Dawks,wdawksl7@mac.com
Kasper,Edy,kedyl8@homestead.com
Melesa,Burgott,mburgottl9@1und1.de
Jacky,Blazynski,jblazynskila@mashable.com
Claudette,Portwain,cportwainlb@a8.net
Abeu,Beyn,abeynlc@youtube.com
Cecilius,Laborda,clabordald@studiopress.com
Zebadiah,Oldall,zoldallle@merriam-webster.com
Harlan,Spelsbury,hspelsburylf@nbcnews.com
Marjory,Paskerful,mpaskerfullg@phoca.cz
Maryjo,Girardet,mgirardetlh@berkeley.edu
Olenolin,Ipplett,oipplettli@google.fr
Tyler,Nehl,tnehllj@zimbio.com
Culley,Jirasek,cjiraseklk@bing.com
Maxy,Llewhellin,mllewhellinll@ameblo.jp
Elden,Schuricht,eschurichtlm@cloudflare.com
Suellen,MacBrearty,smacbreartyln@elpais.com
Leonard,Burchess,lburchesslo@ucoz.com
Taylor,McNutt,tmcnuttlp@bluehost.com
Kristo,Rigard,krigardlq@whitehouse.gov
Jorey,Stepto,jsteptolr@buzzfeed.com
Mufi,Mauro,mmaurols@un.org
Sandor,Vasilyev,svasilyevlt@ted.com
Lanie,Nana,lnanalu@cnbc.com
Ted,Hallgarth,thallgarthlv@ca.gov
Dalila,Cullingworth,dcullingworthlw@samsung.com
Myrle,Lidgey,mlidgeylx@devhub.com
Hamnet,Black,hblackly@usgs.gov
Winnie,De Winton,wdewintonlz@yandex.ru
Allene,Labitt,alabittm0@house.gov
Tristan,Stowers,tstowersm1@dagondesign.com
Marcel,Witard,mwitardm2@dailymotion.com
Nerty,Robshaw,nrobshawm3@seesaa.net
Allyn,Linner,alinnerm4@techcrunch.com
Jobi,Skyram,jskyramm5@blogtalkradio.com
Rafi,Shepton,rsheptonm6@wired.com
Efrem,Fidock,efidockm7@friendfeed.com
Artemis,Ithell,aithellm8@oaic.gov.au
Adrea,Rea,aream9@tmall.com
Fanny,Boggis,fboggisma@pcworld.com
Oates,Bolstridge,obolstridgemb@abc.net.au
Kipper,Figgs,kfiggsmc@unblog.fr
Tabatha,Blockwell,tblockwellmd@trellian.com
Dolph,Zmitrovich,dzmitrovichme@sfgate.com
Raeann,McKinie,rmckiniemf@yahoo.com
Dominique,Mavin,dmavinmg@xing.com
Jerome,Verbeke,jverbekemh@creativecommons.org
Rozella,Woodhall,rwoodhallmi@accuweather.com
Channa,Robrose,crobrosemj@1und1.de
Glyn,Deverille,gdeverillemk@state.gov
Chancey,Cotty,ccottyml@discovery.com
Waylen,Dorney,wdorneymm@tiny.cc
Sax,Reddle,sreddlemn@zimbio.com
Barbe,Menlow,bmenlowmo@ebay.co.uk
Dee,Earengey,dearengeymp@bloglovin.com
Dorothee,Gorelli,dgorellimq@amazonaws.com
Arv,Dutton,aduttonmr@wikia.com
Karylin,Hitschke,khitschkems@arizona.edu
Patricio,Syme,psymemt@1688.com
Jeniffer,Alexsandrov,jalexsandrovmu@odnoklassniki.ru
Kalvin,Saxelby,ksaxelbymv@walmart.com
Myron,Brigstock,mbrigstockmw@statcounter.com
Shannah,Paulsen,spaulsenmx@photobucket.com
Jaime,Sowray,jsowraymy@com.com
Hanna,Coatts,hcoattsmz@tamu.edu
Livvie,Cheney,lcheneyn0@newyorker.com
Sarine,Mulvany,smulvanyn1@vk.com
Gladi,Peoples,gpeoplesn2@cdc.gov
Elladine,Bendixen,ebendixenn3@odnoklassniki.ru
Mitch,Cowlard,mcowlardn4@live.com
Fulvia,Lejeune,flejeunen5@slideshare.net
Far,Espinel,fespineln6@google.cn
John,Ridsdole,jridsdolen7@dyndns.org
Shandy,Scholling,sschollingn8@privacy.gov.au
Minor,Rignoldes,mrignoldesn9@ucla.edu
Rolland,Summerly,rsummerlyna@mozilla.org
Harold,Zemler,hzemlernb@com.com
Shauna,Cowe,scowenc@1688.com
Jamill,Shane,jshanend@so-net.ne.jp
Truman,Schuler,tschulerne@networksolutions.com
Devonne,Gurden,dgurdennf@topsy.com
Sophi,Romayne,sromayneng@hugedomains.com
Dorothea,Daly,ddalynh@usnews.com
Ernaline,Gerwood,egerwoodni@tripod.com
Aleta,Stringman,astringmannj@cocolog-nifty.com
Rosalie,Shackesby,rshackesbynk@wikimedia.org
Alfy,De Filippis,adefilippisnl@sphinn.com
Corbie,Tutchener,ctutchenernm@multiply.com
Tobiah,Shilton,tshiltonnn@multiply.com
Maurizia,MacFie,mmacfieno@miibeian.gov.cn
Matti,Schimke,mschimkenp@nytimes.com
Gratiana,Vasyatkin,gvasyatkinnq@mlb.com
Omero,Friedman,ofriedmannr@netlog.com
Karla,Applebee,kapplebeens@dropbox.com
Jody,Hintzer,jhintzernt@cargocollective.com
Welby,Bracknall,wbracknallnu@netvibes.com
Dewain,Blinco,dblinconv@imgur.com
Hobey,Gibbens,hgibbensnw@answers.com
Stanislas,Pendered,spenderednx@mtv.com
Gaye,Lanning,glanningny@mit.edu
Paulette,Heinzler,pheinzlernz@wikia.com
Luciano,Barson,lbarsono0@howstuffworks.com
Thalia,Halesworth,thaleswortho1@goo.ne.jp
Ranna,Zellick,rzellicko2@virginia.edu
Serena,Alfonso,salfonsoo3@naver.com
Drud,Wodeland,dwodelando4@senate.gov
Gratia,McCawley,gmccawleyo5@instagram.com
Nani,Clemon,nclemono6@homestead.com
Clary,Docker,cdockero7@privacy.gov.au
Nikolia,Dollard,ndollardo8@shop-pro.jp
Dorotea,Iacapucci,diacapuccio9@engadget.com
Vergil,Cains,vcainsoa@examiner.com
Colette,Whiff,cwhiffob@psu.edu
Rivalee,Palfrey,rpalfreyoc@rambler.ru
Tamera,Duke,tdukeod@canalblog.com
Somerset,Leagas,sleagasoe@wikimedia.org
Wynny,Gaunt,wgauntof@deliciousdays.com
Kaiser,Yearnsley,kyearnsleyog@webs.com
Darcey,Kondratovich,dkondratovichoh@technorati.com
Matthus,Prangley,mprangleyoi@theatlantic.com
Magda,Prover,mproveroj@360.cn
Megan,Adamowicz,madamowiczok@netscape.com
Sterne,Finey,sfineyol@google.com
Mirelle,Ferier,mferierom@gravatar.com
Feodora,Waberer,fwabereron@bing.com
Roosevelt,Fettiplace,rfettiplaceoo@angelfire.com
Kori,Doumer,kdoumerop@cmu.edu
Lane,Tolworth,ltolworthoq@t.co
Gottfried,Denington,gdeningtonor@businessweek.com
Nariko,Bellwood,nbellwoodos@amazonaws.com
Heriberto,Braun,hbraunot@trellian.com
Dyanna,Bogart,dbogartou@dyndns.org
Fianna,Kitcat,fkitcatov@tiny.cc
Stern,Sammons,ssammonsow@illinois.edu
Burl,Seniour,bseniourox@geocities.jp
Krishnah,Lorkin,klorkinoy@ebay.co.uk
Noe,Widger,nwidgeroz@indiegogo.com
Marcel,Ambrois,mambroisp0@usnews.com
Flo,Burras,fburrasp1@omniture.com
Richmond,Jeffers,rjeffersp2@163.com
Tanney,Braunlein,tbraunleinp3@prlog.org
Timotheus,Dalliwatr,tdalliwatrp4@arstechnica.com
Hobey,Tadgell,htadgellp5@si.edu
Dyan,Forgie,dforgiep6@cnbc.com
Melisenda,Larvent,mlarventp7@cloudflare.com
Nessa,Alessandrini,nalessandrinip8@admin.ch
Kinna,Yuryev,kyuryevp9@sohu.com
Wylma,Worwood,wworwoodpa@bravesites.com
Iormina,Pulham,ipulhampb@buzzfeed.com
Guilbert,Battany,gbattanypc@baidu.com
Caryl,Ferrotti,cferrottipd@abc.net.au
Genovera,Peyro,gpeyrope@baidu.com
Town,Ollerenshaw,tollerenshawpf@house.gov
Valerye,Duggan,vdugganpg@joomla.org
Talya,Feldberger,tfeldbergerph@chronoengine.com
Gwenette,Stallworth,gstallworthpi@soundcloud.com
Kendricks,Lindenstrauss,klindenstrausspj@hugedomains.com
Kalli,Buer,kbuerpk@paypal.com
Tommi,Queenborough,tqueenboroughpl@sciencedaily.com
Erin,Elegood,eelegoodpm@patch.com
Hortense,Le Fevre,hlefevrepn@opensource.org
Belicia,Augustin,baugustinpo@cam.ac.uk
Sande,Wybern,swybernpp@bravesites.com
Nedi,Verrills,nverrillspq@dailymotion.com
Marco,Huncote,mhuncotepr@wikipedia.org
Whitby,Wigglesworth,wwigglesworthps@rakuten.co.jp
Darell,Toombes,dtoombespt@yahoo.co.jp
Malory,Flanaghan,mflanaghanpu@lulu.com
Alfie,Summers,asummerspv@youtube.com
Maria,Perfili,mperfilipw@soup.io
Mirelle,Aitchinson,maitchinsonpx@psu.edu
Findley,Gibb,fgibbpy@yolasite.com
Sylas,Abby,sabbypz@multiply.com
Rog,Jendrys,rjendrysq0@si.edu
Reggie,Baton,rbatonq1@bloglovin.com
Delmer,Yakobovicz,dyakoboviczq2@earthlink.net
Lucais,Pierro,lpierroq3@linkedin.com
Rolando,Kinchin,rkinchinq4@nymag.com
Fergus,Gutherson,fguthersonq5@sourceforge.net
Ardelle,Andrzejczak,aandrzejczakq6@fastcompany.com
Tony,Bennett,tbennettq7@dmoz.org
Wheeler,Sapseed,wsapseedq8@yellowbook.com
Amelia,Parradine,aparradineq9@comcast.net
Ingunna,Della,idellaqa@shop-pro.jp
Shirlene,Cafferky,scafferkyqb@themeforest.net
Lurline,Mecozzi,lmecozziqc@miibeian.gov.cn
Stesha,O'Cahey,socaheyqd@goo.ne.jp
Darsey,Hansod,dhansodqe@berkeley.edu
Adrianna,Bedo,abedoqf@loc.gov
Foss,Trighton,ftrightonqg@mit.edu
Moe,Hourihane,mhourihaneqh@aboutads.info
Karoly,Grabban,kgrabbanqi@creativecommons.org
Ernest,Andreichik,eandreichikqj@prweb.com
Lin,Akam,lakamqk@adobe.com
Killie,Bridgwood,kbridgwoodql@amazon.de
Desi,Dekeyser,ddekeyserqm@kickstarter.com
Minerva,Gonning,mgonningqn@opensource.org
Cherri,Waine,cwaineqo@microsoft.com
Sammy,Shaefer,sshaeferqp@bandcamp.com
Lisetta,Dunmuir,ldunmuirqq@webmd.com
Ariella,Rayment,araymentqr@epa.gov
Constancia,Lydall,clydallqs@cnn.com
Tristan,Yendle,tyendleqt@fastcompany.com
Archibold,Doxsey,adoxseyqu@51.la
Andras,MacGaughey,amacgaugheyqv@admin.ch
Pammie,Matchett,pmatchettqw@auda.org.au
Udell,Pinke,upinkeqx@skyrock.com
Charlean,Eva,cevaqy@java.com
Kelcy,Sturte,ksturteqz@hao123.com
Angela,Lorens,alorensr0@taobao.com
Lannie,Reddle,lreddler1@craigslist.org
Nadine,Gratrex,ngratrexr2@yelp.com
Amery,Trevance,atrevancer3@go.com
Biddy,Coggings,bcoggingsr4@archive.org
Idelle,Craw,icrawr5@bloglovin.com
Anette,Cartmail,acartmailr6@github.io
Ilka,Avard,iavardr7@google.es
Christophe,Wandrack,cwandrackr8@google.nl
Noellyn,Georgi,ngeorgir9@aol.com
Tisha,Stopp,tstoppra@netlog.com
Cass,Goulthorp,cgoulthorprb@4shared.com
Hakim,Tommasetti,htommasettirc@oaic.gov.au
Baird,Danahar,bdanaharrd@eepurl.com
Floris,Wise,fwisere@moonfruit.com
Jerrold,LAbbet,jlabbetrf@blogger.com
Minette,Colhoun,mcolhounrg@squarespace.com
Jandy,Hughill,jhughillrh@cpanel.net
Lennie,Tracey,ltraceyri@hp.com
Lynnet,Burston,lburstonrj@1688.com
Christoph,Turbefield,cturbefieldrk@fema.gov
Lilian,Riggert,lriggertrl@wix.com
Colet,Chetham,cchethamrm@ning.com
Miof mela,Trevett,mtrevettrn@nsw.gov.au
Konrad,Izzatt,kizzattro@blogger.com
Dru,Handy,dhandyrp@imgur.com
Falkner,Andreaccio,fandreacciorq@nature.com
Ruthann,Stoakes,rstoakesrr@foxnews.com
