first_name,last_name,email
Bidget,Galton,bgalton0@nsw.gov.au
Brose,Laxston,blaxston1@biblegateway.com
Ingelbert,Edlyne,iedlyne2@bizjournals.com
Abigael,Kobes,akobes3@bravesites.com
Purcell,Kneaphsey,pkneaphsey4@yolasite.com
Susy,Frail,sfrail5@hugedomains.com
Herrick,Scotchmore,hscotchmore6@51.la
Kimberli,Hollingsbee,khollingsbee7@dion.ne.jp
Lizette,Aylett,laylett8@ed.gov
Cliff,Maycock,cmaycock9@wordpress.com
Patric,Zorro,pzorroa@fda.gov
Esma,Marshalleck,emarshalleckb@phpbb.com
Ansel,Tite,atitec@toplist.cz
Randy,Shewon,rshewond@skyrock.com
Lon,Raynard,lraynarde@geocities.jp
Karin,Gulston,kgulstonf@google.ca
Horatia,Howey,hhoweyg@dailymotion.com
Wynn,Gogarty,wgogartyh@squidoo.com
Silvie,Grundon,sgrundoni@pcworld.com
Rowan,Grenshiels,rgrenshielsj@meetup.com
Yancey,Graeber,ygraeberk@de.vu
Kati,Stilly,kstillyl@angelfire.com
Kellie,Steljes,ksteljesm@wisc.edu
Austin,Rubbert,arubbertn@over-blog.com
Kermit,Whether,kwhethero@who.int
Luz,Hawkyens,lhawkyensp@biblegateway.com
Fedora,Comber,fcomberq@spotify.com
Annora,Peddar,apeddarr@wiley.com
Hulda,Clowney,hclowneys@jugem.jp
Kelley,Cumesky,kcumeskyt@weibo.com
Florencia,Coverdill,fcoverdillu@marketwatch.com
Lucita,Rutley,lrutleyv@google.ru
Idelle,Ebbings,iebbingsw@comcast.net
Buckie,Fendlow,bfendlowx@ft.com
Bil,Verdun,bverduny@fc2.com
Vaughn,Till,vtillz@narod.ru
Andie,Trundell,atrundell10@bizjournals.com
Gussy,Brandli,gbrandli11@diigo.com
Gretta,Fice,gfice12@amazonaws.com
Torey,Firpo,tfirpo13@is.gd
Derwin,Chennells,dchennells14@reddit.com
Reg,Pigny,rpigny15@mayoclinic.com
Gianna,Heavyside,gheavyside16@com.com
Quill,Pennone,qpennone17@posterous.com
Rudolfo,Sturgeon,rsturgeon18@addthis.com
Margarethe,Larmour,mlarmour19@slashdot.org
Caroline,Minette,cminette1a@plala.or.jp
Sigismondo,Brend,sbrend1b@storify.com
Riki,Styles,rstyles1c@engadget.com
Nickolas,Gildersleeve,ngildersleeve1d@spiegel.de
Virgie,Fewell,vfewell1e@technorati.com
Broderick,Mellsop,bmellsop1f@imageshack.us
Alfy,Stones,astones1g@nsw.gov.au
Blondy,Iowarch,biowarch1h@bizjournals.com
Nicky,Rowlinson,nrowlinson1i@cdc.gov
Rhody,McCleod,rmccleod1j@studiopress.com
Angy,Redferne,aredferne1k@list-manage.com
Killian,Dyment,kdyment1l@google.com.au
Chance,Laville,claville1m@businesswire.com
Ichabod,Emney,iemney1n@homestead.com
Elvera,Berriman,eberriman1o@ifeng.com
Oralee,Thayre,othayre1p@hostgator.com
Alecia,Charnick,acharnick1q@youtube.com
Winslow,Pacheco,wpacheco1r@skype.com
Evangeline,Cartmale,ecartmale1s@seesaa.net
Dale,Parsonage,dparsonage1t@thetimes.co.uk
Gail,Rafe,grafe1u@nbcnews.com
Jackson,Espinha,jespinha1v@wordpress.org
Davina,Ginn,dginn1w@mayoclinic.com
Ange,Oswald,aoswald1x@comsenz.com
Rosalind,Marrows,rmarrows1y@si.edu
Urban,Benedikt,ubenedikt1z@unesco.org
Ernestine,Dawton,edawton20@goo.ne.jp
Barrie,Dawidowicz,bdawidowicz21@oaic.gov.au
Corbet,Plimmer,cplimmer22@usgs.gov
Padriac,Bertlin,pbertlin23@reddit.com
Hilliard,Openshaw,hopenshaw24@japanpost.jp
Andi,Pheasey,apheasey25@webnode.com
Lindy,Sherr,lsherr26@blogspot.com
Ransom,Mithun,rmithun27@domainmarket.com
Novelia,Narducci,nnarducci28@google.cn
Dunstan,McAuliffe,dmcauliffe29@facebook.com
Jami,O' Dooley,jodooley2a@reverbnation.com
Lona,Coopper,lcoopper2b@ask.com
Minna,Mothersdale,mmothersdale2c@telegraph.co.uk
Zorina,Faldoe,zfaldoe2d@mediafire.com
Rorke,Dofty,rdofty2e@netscape.com
Justine,Standage,jstandage2f@t-online.de
Wynn,Mawtus,wmawtus2g@toplist.cz
Travers,Franke,tfranke2h@vimeo.com
Melessa,Leve,mleve2i@comcast.net
Grenville,Pantecost,gpantecost2j@ca.gov
Elicia,Ham,eham2k@theguardian.com
Tallulah,Softley,tsoftley2l@nydailynews.com
Crosby,Cuer,ccuer2m@prweb.com
Rourke,Inns,rinns2n@discuz.net
Sheridan,Dyer,sdyer2o@craigslist.org
Claudian,Gowdridge,cgowdridge2p@paypal.com
Rutherford,Codner,rcodner2q@wiley.com
Zsazsa,Usmar,zusmar2r@bing.com
Shanon,Martonfi,smartonfi2s@gizmodo.com
Meriel,Spini,mspini2t@pinterest.com
Ciro,Boughey,cboughey2u@fema.gov
Troy,Elwel,telwel2v@addthis.com
Seline,Edgehill,sedgehill2w@intel.com
Mallissa,Taynton,mtaynton2x@slashdot.org
Alexa,Bernocchi,abernocchi2y@istockphoto.com
Vlad,Josskowitz,vjosskowitz2z@xrea.com
Sindee,Paulson,spaulson30@ning.com
Jasmina,Goddert.sf,jgoddertsf31@mediafire.com
Micaela,Castillou,mcastillou32@canalblog.com
Sam,MacTrustam,smactrustam33@dailymail.co.uk
Arley,Hemshall,ahemshall34@geocities.com
Legra,Walak,lwalak35@scribd.com
Sheree,Gregorio,sgregorio36@hubpages.com
Riannon,Beglin,rbeglin37@list-manage.com
Ilario,Zahor,izahor38@xrea.com
Dori,MacCarter,dmaccarter39@google.co.uk
Linet,Rowantree,lrowantree3a@irs.gov
Vincent,Snashall,vsnashall3b@army.mil
Desmond,Jaquet,djaquet3c@fema.gov
Shana,Kernaghan,skernaghan3d@businessinsider.com
Jerrold,Santoro,jsantoro3e@51.la
Godfrey,Gurry,ggurry3f@state.gov
Bryce,Reyna,breyna3g@amazon.co.jp
Erika,Eagling,eeagling3h@cpanel.net
Petrina,Barzen,pbarzen3i@amazon.com
Ignaz,Prettyman,iprettyman3j@hubpages.com
Selle,Huntington,shuntington3k@ft.com
Daphne,Raggles,draggles3l@diigo.com
Sallee,Taffurelli,staffurelli3m@sfgate.com
Maxie,Mordie,mmordie3n@answers.com
Joell,Lidgett,jlidgett3o@ustream.tv
Danika,Cortin,dcortin3p@flavors.me
Morley,Kersey,mkersey3q@netlog.com
Olly,Bathoe,obathoe3r@pinterest.com
Bernelle,Schole,bschole3s@constantcontact.com
Lisha,Muslim,lmuslim3t@sciencedaily.com
Clem,Gearty,cgearty3u@mayoclinic.com
Tomkin,Vasishchev,tvasishchev3v@wisc.edu
Hasty,Albasini,halbasini3w@imageshack.us
Vernor,Maren,vmaren3x@techcrunch.com
Damian,Littleproud,dlittleproud3y@yale.edu
Armand,Pryer,apryer3z@liveinternet.ru
Johann,Czadla,jczadla40@apache.org
Dilan,Blanchet,dblanchet41@wiley.com
Cecily,Castree,ccastree42@list-manage.com
Aleda,Boddymead,aboddymead43@tripod.com
Lorraine,Cavet,lcavet44@reverbnation.com
Neils,Lounds,nlounds45@paginegialle.it
Carmita,Kelcher,ckelcher46@dailymail.co.uk
Rikki,Toop,rtoop47@live.com
Hermann,Dadge,hdadge48@mac.com
Cassaundra,Gallego,cgallego49@merriam-webster.com
Mick,Tarbath,mtarbath4a@eepurl.com
Darline,Mundall,dmundall4b@hhs.gov
Erinna,Hast,ehast4c@dyndns.org
Marya,McClymond,mmcclymond4d@goodreads.com
Gage,Salt,gsalt4e@wordpress.com
Shelbi,Issitt,sissitt4f@telegraph.co.uk
Roshelle,Fairpo,rfairpo4g@un.org
Tobie,Martindale,tmartindale4h@opera.com
Ilario,Wontner,iwontner4i@ycombinator.com
Franciska,Korba,fkorba4j@51.la
Lyn,Bream,lbream4k@microsoft.com
Yolande,Bonder,ybonder4l@mashable.com
Morgen,Tumility,mtumility4m@wix.com
Bartlet,MacTavish,bmactavish4n@upenn.edu
Mirabelle,Van Der Walt,mvanderwalt4o@bloglines.com
Harlan,MacAlpyne,hmacalpyne4p@wikimedia.org
August,Hadlee,ahadlee4q@gizmodo.com
Winny,Cholomin,wcholomin4r@cbslocal.com
Rozanne,Loughman,rloughman4s@yandex.ru
Deidre,Coste,dcoste4t@marriott.com
Hakeem,Van der Hoven,hvanderhoven4u@networksolutions.com
Elyse,Andreucci,eandreucci4v@nymag.com
Pinchas,Livoir,plivoir4w@nymag.com
Serene,Lindman,slindman4x@bandcamp.com
Elsa,Winn,ewinn4y@statcounter.com
Lezley,Glaserman,lglaserman4z@instagram.com
Drusi,McCleod,dmccleod50@xinhuanet.com
Sisile,Roussell,sroussell51@bbb.org
Tami,Dudill,tdudill52@chicagotribune.com
Gilbert,Pettie,gpettie53@ucla.edu
Emelina,Latch,elatch54@csmonitor.com
Luke,Pitcaithley,lpitcaithley55@naver.com
Deanne,Harrell,dharrell56@imgur.com
Wakefield,Vinden,wvinden57@elpais.com
Mayor,Tomankowski,mtomankowski58@canalblog.com
Darla,Benedict,dbenedict59@alibaba.com
Eileen,MacKonochie,emackonochie5a@360.cn
Yorke,Haulkham,yhaulkham5b@microsoft.com
Gilemette,Ridgwell,gridgwell5c@ovh.net
Natalina,Donalson,ndonalson5d@phpbb.com
Kory,Crampin,kcrampin5e@sun.com
Theodora,Dinse,tdinse5f@de.vu
Karel,Duddan,kduddan5g@hexun.com
Gabby,Immins,gimmins5h@jugem.jp
Thorny,Brigman,tbrigman5i@walmart.com
Nell,Downage,ndownage5j@youtube.com
Katy,Whylie,kwhylie5k@reverbnation.com
Lars,Joreau,ljoreau5l@cornell.edu
Shanon,Dmiterko,sdmiterko5m@csmonitor.com
Fannie,Rozenzweig,frozenzweig5n@netscape.com
Abigale,Devonside,adevonside5o@ed.gov
Ceciley,Moulds,cmoulds5p@shinystat.com
Jeane,Ramas,jramas5q@merriam-webster.com
Nester,Towl,ntowl5r@xinhuanet.com
Rowena,Crowche,rcrowche5s@hubpages.com
Juliane,Tiery,jtiery5t@printfriendly.com
Myrah,Flint,mflint5u@icio.us
Cris,Batt,cbatt5v@boston.com
Dar,Kluge,dkluge5w@noaa.gov
Parke,Shyres,pshyres5x@wp.com
Rosaleen,Soame,rsoame5y@tripadvisor.com
Edgardo,Farbrother,efarbrother5z@smh.com.au
Garrott,Splaven,gsplaven60@japanpost.jp
Celestyn,Clynman,cclynman61@un.org
Eachelle,Sherrocks,esherrocks62@virginia.edu
Alf,Bonefant,abonefant63@dropbox.com
Artemis,Melbourn,amelbourn64@mac.com
Sada,Cissell,scissell65@guardian.co.uk
Mahmud,Bennallck,mbennallck66@hubpages.com
Dukey,Bugler,dbugler67@berkeley.edu
Riordan,Benterman,rbenterman68@storify.com
Marilin,Udale,mudale69@163.com
Jeth,Normanvill,jnormanvill6a@istockphoto.com
Kilian,Gianneschi,kgianneschi6b@ca.gov
Lorine,Jennison,ljennison6c@ehow.com
Barton,Goracci,bgoracci6d@upenn.edu
Adela,Lembrick,alembrick6e@nytimes.com
Claiborn,Hainge,chainge6f@businessinsider.com
Sissie,Matzke,smatzke6g@jigsy.com
Daphene,Chittie,dchittie6h@microsoft.com
Lorrie,Throssell,lthrossell6i@nymag.com
Berke,Ianniello,bianniello6j@gnu.org
Lionello,Michie,lmichie6k@washington.edu
Jerrie,Zwicker,jzwicker6l@is.gd
Waneta,Housecroft,whousecroft6m@whitehouse.gov
Noland,Limb,nlimb6n@utexas.edu
Alric,Paddingdon,apaddingdon6o@globo.com
Othilia,Burgiss,oburgiss6p@slideshare.net
Morlee,Ramiro,mramiro6q@hc360.com
Cordula,Boxall,cboxall6r@infoseek.co.jp
Linus,MacCallester,lmaccallester6s@sphinn.com
Erskine,MacTurlough,emacturlough6t@cocolog-nifty.com
Debbi,Aylin,daylin6u@addthis.com
Anatollo,Bockings,abockings6v@shop-pro.jp
Ashley,Deakan,adeakan6w@cyberchimps.com
Renie,Brosch,rbrosch6x@fc2.com
Northrup,Kamienski,nkamienski6y@pagesperso-orange.fr
Roland,Michelotti,rmichelotti6z@blog.com
Arther,Payley,apayley70@virginia.edu
Galina,Fitzsymonds,gfitzsymonds71@devhub.com
Sissie,Ludlam,sludlam72@diigo.com
Lillian,Pabel,lpabel73@about.me
Silvan,Beloe,sbeloe74@tinyurl.com
Elbert,Warne,ewarne75@jalbum.net
Thurstan,Buyers,tbuyers76@noaa.gov
Kandy,Stidworthy,kstidworthy77@imdb.com
Dannye,Digby,ddigby78@umich.edu
Malva,Pinner,mpinner79@wired.com
Lars,Sottell,lsottell7a@ezinearticles.com
Abdel,Chant,achant7b@github.com
Inesita,Speedin,ispeedin7c@tiny.cc
Dagmar,Kinsley,dkinsley7d@bizjournals.com
Angie,Antoniak,aantoniak7e@jugem.jp
Adella,Blondin,ablondin7f@goo.ne.jp
Christoforo,Laxton,claxton7g@usnews.com
Corena,Letchmore,cletchmore7h@wikispaces.com
Alia,Treswell,atreswell7i@mapquest.com
Bibi,Frantzeni,bfrantzeni7j@friendfeed.com
Hermione,MacNeilage,hmacneilage7k@dyndns.org
Val,Pooke,vpooke7l@independent.co.uk
Donavon,Gieraths,dgieraths7m@bloglines.com
Allyson,Blundon,ablundon7n@unblog.fr
Rickert,Fargher,rfargher7o@spotify.com
Prent,Charlson,pcharlson7p@smh.com.au
Tracy,Sandels,tsandels7q@live.com
Worthy,Hindrick,whindrick7r@github.io
Flin,Schanke,fschanke7s@rediff.com
Cosmo,Greenwood,cgreenwood7t@globo.com
Dianna,Mangenot,dmangenot7u@uiuc.edu
Hastie,Waple,hwaple7v@google.nl
Rikki,Greenacre,rgreenacre7w@sbwire.com
Nancey,Wigfall,nwigfall7x@imdb.com
Bondon,Applebee,bapplebee7y@samsung.com
Jesse,Pagett,jpagett7z@hatena.ne.jp
Yolanda,Scolli,yscolli80@naver.com
Basile,Ferran,bferran81@example.com
Jana,Turbayne,jturbayne82@comsenz.com
Gates,Budik,gbudik83@shutterfly.com
Fred,Davana,fdavana84@princeton.edu
Bobbette,Petruskevich,bpetruskevich85@ehow.com
Genny,Donke,gdonke86@drupal.org
Marsha,Christensen,mchristensen87@opensource.org
Aldridge,Wakley,awakley88@geocities.jp
Terri,De Few,tdefew89@ezinearticles.com
Toby,Marcinkus,tmarcinkus8a@reverbnation.com
Lizabeth,Hilley,lhilley8b@bbb.org
Cam,Ivy,civy8c@ted.com
Joellyn,Brookhouse,jbrookhouse8d@nhs.uk
Glynnis,Bugler,gbugler8e@webs.com
Patty,Di Franceshci,pdifranceshci8f@hhs.gov
Roger,Flannery,rflannery8g@jimdo.com
Johanna,Hubbard,jhubbard8h@seesaa.net
Christophorus,Motton,cmotton8i@angelfire.com
Lizette,Mackin,lmackin8j@blogs.com
Woodrow,Ezzell,wezzell8k@state.gov
L;urette,Fraanchyonok,lfraanchyonok8l@liveinternet.ru
Jacques,Crossman,jcrossman8m@mashable.com
Ephraim,Kliemchen,ekliemchen8n@nature.com
Conant,Solly,csolly8o@wisc.edu
Alison,Philippet,aphilippet8p@flickr.com
Maia,Divina,mdivina8q@netvibes.com
Candida,Inkster,cinkster8r@google.co.jp
Emmit,Yepiskopov,eyepiskopov8s@t.co
Melisa,Rainsdon,mrainsdon8t@noaa.gov
Brigit,Stirman,bstirman8u@altervista.org
Melosa,Okenfold,mokenfold8v@google.nl
Yance,Chieze,ychieze8w@narod.ru
Katalin,Sambiedge,ksambiedge8x@addthis.com
Emogene,Leall,eleall8y@weebly.com
Alard,Bubeer,abubeer8z@cnet.com
Heddi,Jouandet,hjouandet90@salon.com
Vassily,Brecher,vbrecher91@paginegialle.it
Felicia,Phillot,fphillot92@trellian.com
Claudianus,Wilbore,cwilbore93@people.com.cn
Adelbert,Turpin,aturpin94@fastcompany.com
Lorine,Savidge,lsavidge95@alibaba.com
Theresa,Woodruff,twoodruff96@drupal.org
Sharleen,Shay,sshay97@google.co.uk
Cliff,Curphey,ccurphey98@free.fr
Cary,Brickett,cbrickett99@yahoo.co.jp
Gretal,Elsey,gelsey9a@smugmug.com
Dugald,McGinly,dmcginly9b@gmpg.org
Norton,Dale,ndale9c@msn.com
Hansiain,Growy,hgrowy9d@creativecommons.org
Rae,Daymont,rdaymont9e@java.com
Ibrahim,Mahony,imahony9f@wsj.com
Ingeborg,Eloi,ieloi9g@umich.edu
Corie,Hector,chector9h@fastcompany.com
Jameson,Hulbert,jhulbert9i@reference.com
Dagny,Henmarsh,dhenmarsh9j@prnewswire.com
Ruthy,Coolson,rcoolson9k@princeton.edu
Dalis,Luttger,dluttger9l@dot.gov
Henriette,Stanier,hstanier9m@amazonaws.com
Antonino,Wernher,awernher9n@wufoo.com
Edouard,Creigan,ecreigan9o@bravesites.com
Taylor,Katzmann,tkatzmann9p@walmart.com
Maryl,Greenhalf,mgreenhalf9q@si.edu
Demetre,Erratt,derratt9r@domainmarket.com
Roch,Lucio,rlucio9s@dion.ne.jp
Harlie,Laxton,hlaxton9t@miitbeian.gov.cn
Norah,Bessell,nbessell9u@tinypic.com
Christabella,Colbourne,ccolbourne9v@ustream.tv
Woodman,Signore,wsignore9w@gnu.org
Corty,Keningley,ckeningley9x@dagondesign.com
Alix,Jackman,ajackman9y@amazon.com
Pia,Coxen,pcoxen9z@discovery.com
Shirl,Minghella,sminghellaa0@moonfruit.com
Zacharia,McMeekin,zmcmeekina1@japanpost.jp
Catie,Abramovic,cabramovica2@alexa.com
Lyssa,Sommerland,lsommerlanda3@pinterest.com
Cami,Kenworth,ckenwortha4@youtube.com
Emelita,Shorter,eshortera5@google.cn
Layney,Corser,lcorsera6@digg.com
Sonnnie,Butchart,sbutcharta7@hexun.com
Maribel,Gerbi,mgerbia8@elpais.com
Quillan,Hattoe,qhattoea9@upenn.edu
Percival,Zimmermanns,pzimmermannsaa@google.de
Faustine,Canacott,fcanacottab@amazon.co.uk
Allistir,Hanigan,ahaniganac@clickbank.net
Ferdinande,Dupree,fdupreead@princeton.edu
Joelie,Rubes,jrubesae@jimdo.com
Maureene,Lyvon,mlyvonaf@illinois.edu
Chip,Ilewicz,cilewiczag@nps.gov
Nollie,Bahike,nbahikeah@jimdo.com
Edmund,Oley,eoleyai@ask.com
Hallsy,Keme,hkemeaj@marketwatch.com
Myranda,Duinkerk,mduinkerkak@google.ru
Neda,Edworthie,nedworthieal@google.com.br
Fabiano,Binny,fbinnyam@livejournal.com
Briant,Sturrock,bsturrockan@dailymotion.com
Bessy,Wolver,bwolverao@jugem.jp
Chuck,Polgreen,cpolgreenap@ustream.tv
Fair,Peperell,fpeperellaq@free.fr
Leilah,Goodlatt,lgoodlattar@usa.gov
Ursola,McCrackan,umccrackanas@illinois.edu
Gar,Heinl,gheinlat@sohu.com
Wilhelmina,Van Der Straaten,wvanderstraatenau@twitter.com
Durand,Cavolini,dcavoliniav@usnews.com
Bronnie,Stot,bstotaw@earthlink.net
Denna,Le Fevre,dlefevreax@storify.com
Brigida,McQuorkell,bmcquorkellay@ucoz.ru
Yettie,Donnachie,ydonnachieaz@reddit.com
Valaree,Revan,vrevanb0@nature.com
Yves,Morrilly,ymorrillyb1@ezinearticles.com
Felicio,Longmuir,flongmuirb2@icq.com
Si,Aloshechkin,saloshechkinb3@tinypic.com
Perren,Champney,pchampneyb4@psu.edu
Andrew,Zorer,azorerb5@prweb.com
Dorie,Pickin,dpickinb6@marriott.com
Flem,Moss,fmossb7@bluehost.com
Gerladina,Lithgow,glithgowb8@taobao.com
Tallie,Bosdet,tbosdetb9@slate.com
Geoffry,Capenor,gcapenorba@amazonaws.com
Tades,Garahan,tgarahanbb@geocities.jp
Flory,Pykerman,fpykermanbc@miitbeian.gov.cn
Tabbie,McInility,tmcinilitybd@google.com
Grange,Gras,ggrasbe@sina.com.cn
Roddy,Le Breton,rlebretonbf@java.com
Yule,Turbitt,yturbittbg@51.la
Jessy,Grier,jgrierbh@360.cn
Darb,Hamlett,dhamlettbi@bloglines.com
Rollin,Parram,rparrambj@npr.org
Olivette,Gibling,ogiblingbk@surveymonkey.com
Maddalena,Lassey,mlasseybl@sina.com.cn
Adelind,Heindl,aheindlbm@bluehost.com
Athena,Badrick,abadrickbn@wp.com
Anna-diana,Storck,astorckbo@epa.gov
Charmion,Seivertsen,cseivertsenbp@networkadvertising.org
Coriss,Shenfish,cshenfishbq@hp.com
Heath,Ortelt,horteltbr@cafepress.com
Miles,Szapiro,mszapirobs@who.int
Nerita,Tredget,ntredgetbt@uiuc.edu
Kaye,Goodered,kgooderedbu@mozilla.org
Lionello,Heart,lheartbv@stanford.edu
Reinhard,Schild,rschildbw@macromedia.com
Elyse,Swafford,eswaffordbx@google.ru
Karine,Baltrushaitis,kbaltrushaitisby@github.io
Webster,Fotherby,wfotherbybz@hao123.com
Theobald,Semark,tsemarkc0@mediafire.com
Brooke,Hainge,bhaingec1@apache.org
Arnaldo,Goulbourn,agoulbournc2@moonfruit.com
Betteanne,De Cleen,bdecleenc3@histats.com
Blinny,Paulino,bpaulinoc4@devhub.com
Valentine,Eallis,veallisc5@hatena.ne.jp
Antons,Alu,aaluc6@wired.com
Carlos,Samsin,csamsinc7@pbs.org
Amye,Emmot,aemmotc8@furl.net
Wilona,Howlin,whowlinc9@craigslist.org
Irma,Clemenzi,iclemenzica@nifty.com
Karlene,Poulglais,kpoulglaiscb@posterous.com
Dix,Ciabatteri,dciabattericc@google.de
Inger,Bryce,ibrycecd@hibu.com
Justen,Wabe,jwabece@guardian.co.uk
Tiffy,Slimings,tslimingscf@biblegateway.com
Mia,Spering,msperingcg@ifeng.com
Travus,Patise,tpatisech@patch.com
Paco,Birtchnell,pbirtchnellci@lulu.com
Rog,Banks,rbankscj@istockphoto.com
Miguela,Heustace,mheustaceck@slideshare.net
Wyatt,Meriel,wmerielcl@tinypic.com
Nanni,Bartell,nbartellcm@bbb.org
Gabriella,Ragot,gragotcn@shinystat.com
Gan,Joint,gjointco@mail.ru
Cody,Concklin,cconcklincp@ebay.co.uk
Thalia,Bannon,tbannoncq@amazon.co.jp
Ertha,Trump,etrumpcr@dailymotion.com
Chadwick,Bartalot,cbartalotcs@reuters.com
Spenser,Klasen,sklasenct@newsvine.com
Leonie,Duffett,lduffettcu@home.pl
Jamil,Gare,jgarecv@cargocollective.com
Goldarina,O'Connor,goconnorcw@themeforest.net
Lanette,Kivits,lkivitscx@usa.gov
Mignonne,Kinghorn,mkinghorncy@house.gov
Bamby,Gilroy,bgilroycz@timesonline.co.uk
Opal,Petrak,opetrakd0@wikia.com
Johnny,Roussel,jrousseld1@toplist.cz
Jessi,Ragat,jragatd2@jugem.jp
Emelyne,Pauncefoot,epauncefootd3@merriam-webster.com
Richardo,Rodear,rrodeard4@i2i.jp
Damita,Sidry,dsidryd5@google.com
Garry,McCully,gmccullyd6@com.com
Dniren,Unger,dungerd7@craigslist.org
Jacqueline,Donnett,jdonnettd8@hubpages.com
Bessy,Doogood,bdoogoodd9@hhs.gov
Cameron,McGowing,cmcgowingda@shop-pro.jp
Dorian,Wittleton,dwittletondb@linkedin.com
Jenn,Arderne,jardernedc@mozilla.com
Marchall,Whitton,mwhittondd@scribd.com
Lethia,Antcliff,lantcliffde@bbb.org
Kay,Richarz,kricharzdf@marriott.com
Ransom,Haslam,rhaslamdg@ameblo.jp
Kathryn,Whitelock,kwhitelockdh@dailymail.co.uk
Abbott,Shiel,ashieldi@ucla.edu
Kenon,Hebditch,khebditchdj@zimbio.com
Allina,Deeman,adeemandk@yelp.com
Cammie,Gibling,cgiblingdl@deviantart.com
Gavrielle,Payfoot,gpayfootdm@livejournal.com
Ronny,Alessandrucci,ralessandruccidn@chronoengine.com
Adolpho,Elles,aellesdo@microsoft.com
Torey,Butfield,tbutfielddp@cmu.edu
Stacie,Tummond,stummonddq@intel.com
Tallulah,Lampen,tlampendr@washingtonpost.com
Clerissa,Goretti,cgorettids@domainmarket.com
Clarinda,Dovidaitis,cdovidaitisdt@dion.ne.jp
Jenifer,Craiker,jcraikerdu@nhs.uk
Rollo,Petegree,rpetegreedv@zimbio.com
Estelle,Lofting,eloftingdw@youku.com
Polly,Benedtti,pbenedttidx@skype.com
Carey,Lisciandro,clisciandrody@businessweek.com
Ayn,Lujan,alujandz@storify.com
Bay,Albinson,balbinsone0@phpbb.com
Tabbi,Iliffe,tiliffee1@flickr.com
Aurlie,Darbey,adarbeye2@behance.net
Ludwig,Lebbon,llebbone3@51.la
Ardella,De Andreis,adeandreise4@google.it
Tedd,Petts,tpettse5@cocolog-nifty.com
Morris,Ridley,mridleye6@ovh.net
Jonas,Blockey,jblockeye7@fastcompany.com
Lucine,Letchford,lletchforde8@howstuffworks.com
Aloise,Trittam,atrittame9@soup.io
Ellswerth,Symes,esymesea@yelp.com
Goldy,Palfreeman,gpalfreemaneb@elegantthemes.com
Ced,Emerton,cemertonec@moonfruit.com
Mora,Lombardo,mlombardoed@gizmodo.com
Mariam,Fortun,mfortunee@upenn.edu
Eldin,Bridat,ebridatef@domainmarket.com
Sullivan,Hurling,shurlingeg@bandcamp.com
Rodrigo,Pinson,rpinsoneh@nymag.com
Angelle,Mewis,amewisei@blinklist.com
Deck,Laherty,dlahertyej@scribd.com
Rosy,Vaudre,rvaudreek@chron.com
Trace,Firsby,tfirsbyel@mozilla.com
Ronnie,Archdeckne,rarchdeckneem@github.io
Claudette,Wilby,cwilbyen@amazon.com
Lew,Brandon,lbrandoneo@mozilla.com
Fawne,Van Geffen,fvangeffenep@discuz.net
Val,Purvis,vpurviseq@reuters.com
Ezmeralda,Ling,elinger@usgs.gov
Angie,Adlam,aadlames@timesonline.co.uk
Levey,Nibley,lnibleyet@pen.io
Ezra,Lehemann,elehemanneu@rakuten.co.jp
Allyson,Treece,atreeceev@mapy.cz
Maryanne,Heaseman,mheasemanew@sakura.ne.jp
Gwendolyn,Dudill,gdudillex@symantec.com
Ruthy,Vautrey,rvautreyey@house.gov
Alisa,Escale,aescaleez@miitbeian.gov.cn
Emmie,Harmon,eharmonf0@comcast.net
Stu,Ziehm,sziehmf1@kickstarter.com
Cariotta,Ladds,claddsf2@hud.gov
Sebastian,Darkin,sdarkinf3@moonfruit.com
Raynell,Edgeler,redgelerf4@slashdot.org
Thelma,Prati,tpratif5@google.com.au
Emile,Lennarde,elennardef6@creativecommons.org
Garwood,Iacovuzzi,giacovuzzif7@microsoft.com
Thorvald,Casement,tcasementf8@woothemes.com
Ottilie,Lias,oliasf9@independent.co.uk
Sophey,Mordin,smordinfa@bigcartel.com
Barde,Vasyukhichev,bvasyukhichevfb@theatlantic.com
Nerta,Mewis,nmewisfc@123-reg.co.uk
Carline,Bougen,cbougenfd@amazon.de
Aloysius,Billanie,abillaniefe@amazon.com
Barnebas,Djorvic,bdjorvicff@webs.com
Huey,Uppett,huppettfg@intel.com
Chrisse,Kermeen,ckermeenfh@whitehouse.gov
Gwenora,Rorke,grorkefi@blogs.com
Harriet,Alleway,hallewayfj@mail.ru
Sher,Scadden,sscaddenfk@slashdot.org
Giralda,Borgnet,gborgnetfl@rambler.ru
Simmonds,Sexon,ssexonfm@reuters.com
Abbott,Victoria,avictoriafn@amazonaws.com
Nedi,Drewry,ndrewryfo@biblegateway.com
Lillis,Howells,lhowellsfp@aboutads.info
Porter,Babon,pbabonfq@cnn.com
Torry,Coomber,tcoomberfr@google.ca
Alleen,Roset,arosetfs@mlb.com
Carlos,Biasetti,cbiasettift@hexun.com
Briny,Ferentz,bferentzfu@amazon.co.jp
Armando,Osmar,aosmarfv@hao123.com
Phil,Stickler,psticklerfw@blogspot.com
Bill,Chatburn,bchatburnfx@msu.edu
Pavla,Engeham,pengehamfy@merriam-webster.com
Drusy,Schonfeld,dschonfeldfz@infoseek.co.jp
Terri-jo,Grundle,tgrundleg0@ebay.co.uk
Leeanne,Gainsbury,lgainsburyg1@alibaba.com
Roxy,Carcass,rcarcassg2@fotki.com
Dale,Woolen,dwooleng3@youtube.com
Cliff,Daintith,cdaintithg4@aol.com
Wildon,Mathieu,wmathieug5@amazon.com
Corenda,Lammenga,clammengag6@chronoengine.com
Rozella,Haylor,rhaylorg7@europa.eu
Shell,Lunnon,slunnong8@behance.net
Mayor,Whopples,mwhopplesg9@sourceforge.net
Ailbert,Handover,ahandoverga@harvard.edu
Myrta,Kohring,mkohringgb@aboutads.info
Carin,Pepperill,cpepperillgc@answers.com
Florinda,Nyles,fnylesgd@bloglovin.com
Belvia,Solley,bsolleyge@ameblo.jp
Vanny,Cluett,vcluettgf@ihg.com
Leupold,Learmonth,llearmonthgg@chicagotribune.com
Jerry,Nicolls,jnicollsgh@sciencedaily.com
Addie,Caswill,acaswillgi@dyndns.org
Alla,Oselton,aoseltongj@parallels.com
Vilhelmina,Litster,vlitstergk@goo.gl
Colette,Gillis,cgillisgl@ifeng.com
Yorker,Phipps,yphippsgm@icq.com
Dillie,Alecock,dalecockgn@ihg.com
Hannie,Wanley,hwanleygo@theguardian.com
Edmund,Knowles,eknowlesgp@ifeng.com
Mattie,McCandie,mmccandiegq@surveymonkey.com
Lothaire,Lampett,llampettgr@cbsnews.com
Saul,Kalisch,skalischgs@unc.edu
Ceciley,Hacon,chacongt@netlog.com
Aurlie,Petrashkov,apetrashkovgu@soundcloud.com
Bennett,Dencs,bdencsgv@google.com.hk
Rosalie,Oliveira,roliveiragw@wordpress.com
Gipsy,Luscott,gluscottgx@pagesperso-orange.fr
Gratiana,Sirr,gsirrgy@stanford.edu
Keary,Jackman,kjackmangz@amazon.co.jp
Orlando,Gallienne,ogallienneh0@va.gov
Farris,Saer,fsaerh1@reverbnation.com
Maryanne,Harsent,mharsenth2@mail.ru
Anastasia,Drewes,adrewesh3@phpbb.com
Cherish,Hopkyns,chopkynsh4@booking.com
Kandy,Swidenbank,kswidenbankh5@chron.com
Kerr,Dilon,kdilonh6@nbcnews.com
Felipa,Dominey,fdomineyh7@nhs.uk
Kory,Ponter,kponterh8@webmd.com
Paulie,Elkins,pelkinsh9@aboutads.info
Bennie,Edgworth,bedgworthha@europa.eu
Malva,MacGregor,mmacgregorhb@artisteer.com
Ruthanne,D'Ambrosi,rdambrosihc@histats.com
Giordano,Cowdray,gcowdrayhd@cnbc.com
Kile,Clabburn,kclabburnhe@wikipedia.org
Aldon,Dubique,adubiquehf@taobao.com
Yvette,Carcass,ycarcasshg@senate.gov
Any,Iddons,aiddonshh@vimeo.com
Tam,Mordanti,tmordantihi@paginegialle.it
Ragnar,Fellenor,rfellenorhj@google.com.hk
Ruddy,Milkin,rmilkinhk@bloglovin.com
Murielle,Wincott,mwincotthl@privacy.gov.au
Clarine,Sutherns,csuthernshm@indiegogo.com
Fidelity,Brecknock,fbrecknockhn@51.la
Hilary,Turl,hturlho@marketwatch.com
Paco,Calafate,pcalafatehp@blogtalkradio.com
Karilynn,Terbeck,kterbeckhq@issuu.com
Christophe,Izkovitch,cizkovitchhr@wiley.com
Eben,Priddy,epriddyhs@cornell.edu
Franky,Sadgrove,fsadgroveht@hibu.com
Caty,Hawkwood,chawkwoodhu@fema.gov
Ileana,Raddin,iraddinhv@networksolutions.com
Alberta,Ruggs,aruggshw@ow.ly
Farand,Grigolli,fgrigollihx@constantcontact.com
Burt,MacHoste,bmachostehy@delicious.com
Elroy,Cullity,ecullityhz@timesonline.co.uk
Eleanor,Tofful,etoffuli0@nps.gov
Christoph,Tongue,ctonguei1@wordpress.com
Inge,Grahl,igrahli2@skype.com
Elsi,Benzies,ebenziesi3@twitter.com
Ava,Bradforth,abradforthi4@jugem.jp
Debi,Kerrod,dkerrodi5@163.com
Jesse,Thewles,jthewlesi6@google.nl
Rochette,Bonafacino,rbonafacinoi7@uiuc.edu
Raddie,Scrowton,rscrowtoni8@sphinn.com
Dinny,Griggs,dgriggsi9@aboutads.info
Packston,Penvarne,ppenvarneia@webmd.com
Mortimer,Kubasek,mkubasekib@addtoany.com
Leland,De Lasci,ldelasciic@dion.ne.jp
Dulsea,Murkus,dmurkusid@cbsnews.com
Redford,Kersey,rkerseyie@ask.com
Dasi,Pykerman,dpykermanif@abc.net.au
Bernice,Hollyar,bhollyarig@elegantthemes.com
Wright,McIlwreath,wmcilwreathih@pbs.org
Ody,Bowles,obowlesii@nps.gov
Meagan,Northfield,mnorthfieldij@sogou.com
Rhodia,Bootyman,rbootymanik@forbes.com
Yard,Grogono,ygrogonoil@ebay.co.uk
Lesli,Vockings,lvockingsim@macromedia.com
Elden,Bemment,ebemmentin@flavors.me
Diego,Noyce,dnoyceio@goo.gl
Anna-maria,MacCartney,amaccartneyip@usgs.gov
Joellen,Heyward,jheywardiq@aol.com
Gabi,Croux,gcrouxir@livejournal.com
Karyl,Fagge,kfaggeis@admin.ch
Maureene,Hawtin,mhawtinit@usa.gov
Gabrielle,Bassford,gbassfordiu@alexa.com
Nelson,Vitall,nvitalliv@yahoo.com
Shara,Este,sesteiw@ibm.com
Ly,Forrest,lforrestix@cargocollective.com
Nerty,Bownd,nbowndiy@imdb.com
Maddy,Hawe,mhaweiz@prnewswire.com
Liv,Reedy,lreedyj0@1und1.de
Hakeem,Verecker,hvereckerj1@hud.gov
Eugenius,Chessor,echessorj2@dailymotion.com
Josie,Fowden,jfowdenj3@webnode.com
Blondy,Desaur,bdesaurj4@comcast.net
Davin,Hanna,dhannaj5@virginia.edu
Marlin,Harnwell,mharnwellj6@live.com
Dieter,Hayball,dhayballj7@joomla.org
Oliver,Drakard,odrakardj8@samsung.com
Juliann,Risbrough,jrisbroughj9@edublogs.org
Kipper,Wonham,kwonhamja@desdev.cn
Bobbye,Penquet,bpenquetjb@shareasale.com
Keven,Crowley,kcrowleyjc@liveinternet.ru
Ettore,Hail,ehailjd@dell.com
Ramon,Llewellin,rllewellinje@cbslocal.com
Ernst,Crisp,ecrispjf@youtu.be
Coreen,Borchardt,cborchardtjg@yahoo.com
Simeon,Orpin,sorpinjh@aboutads.info
Kata,Skupinski,kskupinskiji@squidoo.com
Mia,Unwin,munwinjj@vk.com
Lorilyn,Reddy,lreddyjk@icio.us
Axe,Soggee,asoggeejl@icio.us
Jaime,Batchelder,jbatchelderjm@wired.com
Zed,Dhennin,zdhenninjn@people.com.cn
Burnaby,Schult,bschultjo@unblog.fr
Aeriela,Maccrae,amaccraejp@creativecommons.org
Dill,Scowcraft,dscowcraftjq@sciencedirect.com
Dun,Marrion,dmarrionjr@mlb.com
Claudie,Manis,cmanisjs@rediff.com
Goldarina,Leethem,gleethemjt@eventbrite.com
Mollee,Moodycliffe,mmoodycliffeju@ca.gov
Ali,Hrynczyk,ahrynczykjv@comcast.net
Lori,Venners,lvennersjw@facebook.com
Kerrie,Abrashkov,kabrashkovjx@tripod.com
Adrianna,Stearnes,astearnesjy@flavors.me
Devlen,Goldsbury,dgoldsburyjz@umn.edu
Shina,Mebs,smebsk0@tiny.cc
Geri,Loisi,gloisik1@mayoclinic.com
Lynnette,Ricketts,lrickettsk2@ftc.gov
Edvard,Roslen,eroslenk3@craigslist.org
Herb,Lyon,hlyonk4@umich.edu
Orin,Desseine,odesseinek5@nytimes.com
Estel,MacPharlain,emacpharlaink6@ucoz.com
Arturo,Maudson,amaudsonk7@imgur.com
Richy,Trelease,rtreleasek8@hud.gov
Lauren,Mattinson,lmattinsonk9@webeden.co.uk
Eada,Hayter,ehayterka@psu.edu
Bart,Peek,bpeekkb@epa.gov
Gabriell,Jerams,gjeramskc@trellian.com
Raffaello,Copnar,rcopnarkd@zimbio.com
Emerson,Pabst,epabstke@adobe.com
Austen,Tevlin,atevlinkf@slashdot.org
Yovonnda,McGowan,ymcgowankg@ustream.tv
Nikolaus,Lorraway,nlorrawaykh@tuttocitta.it
Thornton,Morison,tmorisonki@google.com.hk
Carla,Burstowe,cburstowekj@aboutads.info
Kristopher,Cheer,kcheerkk@go.com
Berte,McSparran,bmcsparrankl@blogger.com
Cassie,Gobourn,cgobournkm@forbes.com
Minni,Burkart,mburkartkn@google.cn
Klarika,Bent,kbentko@technorati.com
Patty,De Biaggi,pdebiaggikp@washingtonpost.com
Aylmer,Wardhough,awardhoughkq@globo.com
Roldan,Joinson,rjoinsonkr@usgs.gov
Pattin,McKelvey,pmckelveyks@ft.com
Matelda,Ridsdell,mridsdellkt@hostgator.com
Jedidiah,Element,jelementku@technorati.com
Barbra,Littledyke,blittledykekv@nytimes.com
Solly,Loukes,sloukeskw@economist.com
Harriet,Gascoigne,hgascoignekx@cmu.edu
Grata,Gabites,ggabitesky@epa.gov
Nat,Hanmer,nhanmerkz@google.it
Loella,Thorwarth,lthorwarthl0@sphinn.com
Clarine,Velten,cveltenl1@liveinternet.ru
Wallas,O'Henery,woheneryl2@myspace.com
Andria,Ebbin,aebbinl3@nyu.edu
Krisha,Rhodus,krhodusl4@wsj.com
Vasilis,Kenna,vkennal5@ezinearticles.com
Edward,Matthew,ematthewl6@wikimedia.org
Humbert,Frangione,hfrangionel7@fastcompany.com
Damara,Geer,dgeerl8@springer.com
Agace,O'Shirine,aoshirinel9@symantec.com
Sissy,Purches,spurchesla@apple.com
Sabina,Fossitt,sfossittlb@booking.com
Tine,Hefferan,thefferanlc@etsy.com
Randi,MacCulloch,rmaccullochld@google.de
Violet,Challener,vchallenerle@imgur.com
Waylon,Pennycuick,wpennycuicklf@businessinsider.com
Debi,Perrins,dperrinslg@flickr.com
Natassia,Labitt,nlabittlh@fda.gov
Suzann,Lusty,slustyli@opensource.org
Mattias,Romanet,mromanetlj@fda.gov
Zulema,Ivankin,zivankinlk@livejournal.com
Phylys,Loving,plovingll@cisco.com
Sheridan,Eschelle,seschellelm@accuweather.com
Dugald,Toffel,dtoffelln@reuters.com
Curtis,Heathorn,cheathornlo@alexa.com
Penny,Tarrier,ptarrierlp@skype.com
Florri,Lauret,flauretlq@psu.edu
Nataniel,Burdfield,nburdfieldlr@java.com
Vernen,Thamelt,vthameltls@yellowpages.com
Ker,Gauld,kgauldlt@washingtonpost.com
Birgit,Osmant,bosmantlu@gnu.org
Cynthie,Biddy,cbiddylv@wired.com
Worden,Hooban,whoobanlw@opera.com
Adler,Scobie,ascobielx@irs.gov
Paola,Wing,pwingly@theglobeandmail.com
Korry,Camel,kcamellz@exblog.jp
Myrtle,Necrews,mnecrewsm0@admin.ch
Rafaello,Baudino,rbaudinom1@nytimes.com
Rodina,O'Caherny,rocahernym2@dagondesign.com
Quincy,O'Hickee,qohickeem3@homestead.com
Libbey,Bysaker,lbysakerm4@hexun.com
Karmen,Capner,kcapnerm5@indiatimes.com
Arlee,Twinberrow,atwinberrowm6@amazon.de
Veriee,Ditch,vditchm7@narod.ru
Marwin,Marchand,mmarchandm8@disqus.com
Gustave,Halleday,ghalledaym9@fotki.com
Nerta,Bridgnell,nbridgnellma@opensource.org
Ber,Farthin,bfarthinmb@bloomberg.com
Antonio,Craxford,acraxfordmc@ifeng.com
Ferne,Rowell,frowellmd@businessweek.com
Suzette,Higginbottam,shigginbottamme@rediff.com
Scott,Loghan,sloghanmf@bbc.co.uk
Nick,Hammond,nhammondmg@marriott.com
Coraline,Dugget,cduggetmh@cnet.com
Marlin,Enderwick,menderwickmi@ucsd.edu
Brandice,Rosenthal,brosenthalmj@netvibes.com
Clemmie,Uman,cumanmk@webs.com
Mikol,Dunan,mdunanml@patch.com
Wake,Murkitt,wmurkittmm@bing.com
Bernette,Pittem,bpittemmn@patch.com
Monica,Neles,mnelesmo@ameblo.jp
Marnie,Gouldstraw,mgouldstrawmp@eventbrite.com
Betsy,Gillott,bgillottmq@gravatar.com
Garnette,Pirri,gpirrimr@census.gov
Madelene,Lain,mlainms@webs.com
Anneliese,Dallywater,adallywatermt@nydailynews.com
Mirella,Fussie,mfussiemu@nytimes.com
Deva,Defau,ddefaumv@fema.gov
Auguste,Shave,ashavemw@altervista.org
Ailene,Shernock,ashernockmx@msu.edu
Lillis,Tack,ltackmy@gravatar.com
Malissa,Janusz,mjanuszmz@chron.com
Madeleine,Comber,mcombern0@boston.com
Saudra,Girod,sgirodn1@apple.com
Peria,Huban,phubann2@imageshack.us
Danny,MacTeggart,dmacteggartn3@cbc.ca
Dallon,Gunthorp,dgunthorpn4@slate.com
Doy,Panton,dpantonn5@wufoo.com
Marshall,Kleinmintz,mkleinmintzn6@sphinn.com
Hermann,Rounds,hroundsn7@upenn.edu
Antonius,Paolone,apaolonen8@gov.uk
Verile,MacElharge,vmacelhargen9@hexun.com
Marlena,Luca,mlucana@bizjournals.com
Barrie,Leborgne,bleborgnenb@cloudflare.com
Belva,Aikman,baikmannc@mit.edu
Guthrey,Menier,gmeniernd@reuters.com
Riccardo,Cherryman,rcherrymanne@xrea.com
Alysia,Maclaine,amaclainenf@tmall.com
Junette,Craydon,jcraydonng@topsy.com
Michelina,Kryska,mkryskanh@ucla.edu
Kippie,Gallemore,kgallemoreni@home.pl
Linea,Leahy,lleahynj@thetimes.co.uk
Peria,Creeber,pcreebernk@ftc.gov
Tedie,Emloch,temlochnl@yolasite.com
Wheeler,Erskin,werskinnm@usda.gov
Maddi,Franklen,mfranklennn@sphinn.com
Del,Gullifant,dgullifantno@bizjournals.com
Andrej,Airton,aairtonnp@naver.com
Leonardo,Dabs,ldabsnq@tripadvisor.com
Lavina,Lower,llowernr@opera.com
Devina,Milch,dmilchns@imdb.com
Elane,Hukin,ehukinnt@booking.com
Amory,Habin,ahabinnu@is.gd
Kinny,O'Spillane,kospillanenv@unblog.fr
Asia,Yushin,ayushinnw@e-recht24.de
Wyn,McGuiney,wmcguineynx@noaa.gov
Doralin,Dufoure,ddufoureny@ox.ac.uk
Royce,Loffel,rloffelnz@sakura.ne.jp
Atlanta,Leirmonth,aleirmontho0@miitbeian.gov.cn
James,MacGauhy,jmacgauhyo1@ocn.ne.jp
Garrett,Cull,gcullo2@gov.uk
Blane,Symson,bsymsono3@unicef.org
Geoffrey,Desseine,gdesseineo4@bigcartel.com
Jaime,Connaughton,jconnaughtono5@jalbum.net
Moria,Yesichev,myesichevo6@boston.com
Bruce,Tate,btateo7@imdb.com
Elsworth,Hyatt,ehyatto8@yahoo.co.jp
Ben,Boughtwood,bboughtwoodo9@hao123.com
Bruno,Enriques,benriquesoa@webnode.com
Hailee,Pitcock,hpitcockob@patch.com
Amandie,Bolam,abolamoc@cyberchimps.com
Garrett,Emery,gemeryod@smugmug.com
Wilone,Piggins,wpigginsoe@unc.edu
Fiorenze,Barles,fbarlesof@google.cn
Sibella,Crosham,scroshamog@canalblog.com
Lalo,Klehyn,lklehynoh@tiny.cc
Nelli,Perkins,nperkinsoi@t-online.de
Denver,Moat,dmoatoj@chronoengine.com
Sallee,Foreman,sforemanok@51.la
Carroll,Moresby,cmoresbyol@sphinn.com
Helga,Sawyers,hsawyersom@archive.org
Jillie,Yersin,jyersinon@kickstarter.com
Sheena,Tuke,stukeoo@networksolutions.com
Lillis,Chittie,lchittieop@gizmodo.com
Norby,Stuck,nstuckoq@wordpress.com
Davidde,Bendin,dbendinor@gnu.org
Cathie,Thurborn,cthurbornos@yandex.ru
Christoforo,Pyrton,cpyrtonot@nyu.edu
Jackelyn,Alessandone,jalessandoneou@domainmarket.com
Julita,Heselwood,jheselwoodov@mashable.com
Raviv,Lebrun,rlebrunow@epa.gov
Jodee,Giorgetti,jgiorgettiox@china.com.cn
Griffin,Terren,gterrenoy@photobucket.com
Alasteir,Elsbury,aelsburyoz@spotify.com
Franciska,McCallum,fmccallump0@blogs.com
Tildy,Bott,tbottp1@360.cn
Henry,Grisedale,hgrisedalep2@nasa.gov
Eustace,Brummell,ebrummellp3@1688.com
Dorris,Dirand,ddirandp4@desdev.cn
Dion,Frowen,dfrowenp5@vimeo.com
Annette,Cupper,acupperp6@quantcast.com
Blondelle,Knyvett,bknyvettp7@eventbrite.com
Dalis,Coverly,dcoverlyp8@blogtalkradio.com
Bess,Lethem,blethemp9@nytimes.com
Trudie,Fantini,tfantinipa@dell.com
Chandler,McGeagh,cmcgeaghpb@t.co
Lothario,Cordoba,lcordobapc@smh.com.au
Denis,Redmayne,dredmaynepd@scientificamerican.com
Burnaby,Kopacek,bkopacekpe@sfgate.com
Verne,Bearham,vbearhampf@yahoo.co.jp
Willy,Lebrun,wlebrunpg@yelp.com
Isis,Merrgan,imerrganph@vk.com
Marjorie,Croughan,mcroughanpi@hibu.com
Cornell,Feldbrin,cfeldbrinpj@chron.com
Kellyann,Sainthill,ksainthillpk@hexun.com
Loella,Domico,ldomicopl@bbb.org
Sigismondo,Orr,sorrpm@baidu.com
Cybill,Trunby,ctrunbypn@feedburner.com
Anetta,Frostdick,afrostdickpo@pbs.org
Jacinda,Gladdish,jgladdishpp@usa.gov
Luce,Lenden,llendenpq@cdc.gov
Lindsey,Nazer,lnazerpr@auda.org.au
Gwennie,Vaughton,gvaughtonps@stanford.edu
Marrissa,Harrowell,mharrowellpt@sakura.ne.jp
Mallory,Pavolillo,mpavolillopu@studiopress.com
Veronique,Zettoi,vzettoipv@princeton.edu
Harlan,Parsons,hparsonspw@smugmug.com
Clary,Bamforth,cbamforthpx@mac.com
Yasmin,Barker,ybarkerpy@example.com
Elora,Pauleit,epauleitpz@about.me
Marijo,Ramsbotham,mramsbothamq0@accuweather.com
Danielle,Kopec,dkopecq1@shop-pro.jp
Neddy,O'Donegan,nodoneganq2@g.co
Augustin,Chater,achaterq3@gizmodo.com
Edd,Koche,ekocheq4@engadget.com
Drucy,Paolillo,dpaolilloq5@ihg.com
Baron,De Paoli,bdepaoliq6@nyu.edu
Beaufort,Gofforth,bgofforthq7@hc360.com
Ruddie,Acton,ractonq8@github.com
Moina,Meriot,mmeriotq9@example.com
Goldie,Avrahamov,gavrahamovqa@kickstarter.com
Glyn,Netting,gnettingqb@google.co.uk
Marisa,Blader,mbladerqc@nymag.com
Jamey,Hudghton,jhudghtonqd@163.com
Drusi,Kaasmann,dkaasmannqe@virginia.edu
Tucky,Kemery,tkemeryqf@moonfruit.com
Gerhard,Rowswell,growswellqg@pen.io
Frants,Varney,fvarneyqh@taobao.com
Zondra,Riddeough,zriddeoughqi@accuweather.com
Aksel,Fannon,afannonqj@jiathis.com
Chrystal,Hillhouse,chillhouseqk@altervista.org
Krystle,Kermode,kkermodeql@reddit.com
Felipa,Guwer,fguwerqm@theatlantic.com
Reinald,Smallbone,rsmallboneqn@wufoo.com
Henriette,Enrique,henriqueqo@go.com
Suzie,Rauprich,srauprichqp@skype.com
Arnaldo,Drissell,adrissellqq@msu.edu
Dorelle,Mordacai,dmordacaiqr@hostgator.com
Brendon,Attlee,battleeqs@dyndns.org
Minnaminnie,Eager,meagerqt@netscape.com
Nanice,Halewood,nhalewoodqu@odnoklassniki.ru
Leigh,Dmytryk,ldmytrykqv@cargocollective.com
Carlin,Grigson,cgrigsonqw@patch.com
Abelard,Bagnell,abagnellqx@prlog.org
Kathe,Lifsey,klifseyqy@people.com.cn
Bryn,Fantini,bfantiniqz@typepad.com
Lenka,Bouchier,lbouchierr0@homestead.com
Mina,Habeshaw,mhabeshawr1@stumbleupon.com
Osmond,Stallen,ostallenr2@timesonline.co.uk
Ferrel,Sallery,fsalleryr3@japanpost.jp
Sumner,Tibald,stibaldr4@nytimes.com
Daryn,Straker,dstrakerr5@springer.com
Charyl,Banke,cbanker6@craigslist.org
Rhona,Dederich,rdederichr7@si.edu
Marti,Impett,mimpettr8@sogou.com
Delinda,Raven,dravenr9@slideshare.net
Elinore,Gudgin,egudginra@tripadvisor.com
Devonne,O'Brogan,dobroganrb@hc360.com
Guinna,Spellesy,gspellesyrc@businessweek.com
Pate,Pardal,ppardalrd@youku.com
Talbot,Litzmann,tlitzmannre@amazon.co.uk
Aube,Polleye,apolleyerf@forbes.com
Bettye,De Lisle,bdelislerg@live.com
Oberon,Bresnahan,obresnahanrh@unesco.org
Pernell,Geraldez,pgeraldezri@cocolog-nifty.com
Bryon,Cahani,bcahanirj@answers.com
Garreth,Vedyaev,gvedyaevrk@cloudflare.com
Aleda,Farrey,afarreyrl@weebly.com
Lydie,Arrighetti,larrighettirm@forbes.com
Tyrus,Proschke,tproschkern@mysql.com
Verene,Rackam,vrackamro@weather.com
Marielle,Barnett,mbarnettrp@about.com
Damiano,Pretley,dpretleyrq@gmpg.org
Gerrie,Burrel,gburrelrr@google.com.au
